Date,Open,High,Low,Close,Adj Close,Volume,MSFT,AAPL,GOOG,AMZN
1630965600.0,0.25872019636551563,0.2604306143371778,0.26921515243559163,0.2696366359216565,0.2639047207709579,0.2791068489955478,0,1,0,0
1631052000.0,0.2659257709187213,0.2596540453180946,0.26770228207296937,0.26394642431470544,0.25826413951868316,0.24935193578654888,0,1,0,0
1631138400.0,0.26058434408228365,0.2563713343645795,0.2675915887414369,0.2602009925523461,0.25455130770082945,0.1845474077052809,0,1,0,0
1631224800.0,0.2588277389370253,0.25414752564980625,0.2482196099906305,0.24183384383742731,0.2363444446009732,0.5010537906550011,0,1,0,0
1631484000.0,0.24316186674846965,0.23981643473090625,0.24840411609605462,0.24392266157390655,0.23841501998250564,0.3553145052030677,0,1,0,0
1631570400.0,0.24215810620711353,0.23858102701844025,0.2416147135410891,0.23877263437795349,0.2333099367218218,0.38141125401466597,0,1,0,0
1631656800.0,0.23574115686403826,0.23282739121535323,0.23962213394618545,0.24204992048294457,0.23655863296378293,0.28290473626456014,0,1,0,0
1631743200.0,0.23531098657799945,0.23116836895401865,0.2427585716928632,0.2411855634813111,0.23570176756300248,0.225170791331275,0,1,0,0
1631829600.0,0.23667325581652543,0.23063891606973413,0.23737129451037753,0.231353766390095,0.22595579800921137,0.45930959483396455,0,1,0,0
1632088800.0,0.21867718464252214,0.21659016543014714,0.22080367351165142,0.22011742068345233,0.2148174145051916,0.43511406157348403,0,1,0,0
1632175200.0,0.21914318213812345,0.21574304222722268,0.22637540514095122,0.2218820730320911,0.21656673803835125,0.25470532862895134,0,1,0,0
1632261600.0,0.2210073298548915,0.2222025799110848,0.22977010641843393,0.23059750173218221,0.22520616943521918,0.2568647853682512,0,1,0,0
1632348000.0,0.22889403723492419,0.22449699928693265,0.2369285211842476,0.23412685684902435,0.2287047009407217,0.21306942749973304,0,1,0,0
1632434400.0,0.2253450499230512,0.2258736283215479,0.23663332543719182,0.23445096821590264,0.22902601056950286,0.17005333702898434,0,1,0,0
1632693600.0,0.22466391351135234,0.22054361059715652,0.2302129314031738,0.22886879133031265,0.22349250002534213,0.24833146657518415,0,1,0,0
1632780000.0,0.2167054943542444,0.2162724951115072,0.22235342443191447,0.21640798849022178,0.2111403993180193,0.38018441904441674,0,1,0,0
1632866400.0,0.21390929787319551,0.21521353639553178,0.22360797960512174,0.21972126696154676,0.21442480024112054,0.2500403265198554,0,1,0,0
1632952800.0,0.21817530616428,0.21496647673796657,0.22084055406929223,0.2149314011211655,0.20967673490163352,0.3047734482620217,0,1,0,0
1633039200.0,0.21186589580784254,0.2098129044802387,0.2128334768987604,0.21907298660543043,0.21378212681442532,0.32591325367993695,0,1,0,0
1633298400.0,0.21136401732960047,0.20730675901597967,0.20973397136833347,0.2064320994861562,0.2012516038171168,0.3398567632306957,0,1,0,0
1633384800.0,0.2032263940121139,0.20741264676897492,0.21375595207737022,0.21352685970853394,0.2082844870700789,0.27374058195901313,0,1,0,0
1633471200.0,0.20315468223503869,0.20709492350292869,0.21010292823067092,0.21673209985710018,0.2114616547776675,0.28267678729786566,0,1,0,0
1633557600.0,0.2160243615274174,0.21440169028452796,0.22615401847788627,0.22137787738602943,0.21606705667744183,0.20131036577100142,0,1,0,0
1633644000.0,0.21950169083529333,0.2142604689623787,0.22556362329387386,0.21997333597339777,0.21467464272721307,0.19010413708441912,0,1,0,0
1633903200.0,0.21319233425193404,0.2164842776771519,0.22279619775804438,0.21964922460651948,0.21435344143669774,0.21160782781295462,0,1,0,0
1633989600.0,0.2166337825771692,0.21097775447903647,0.21995495575842255,0.21496739708889684,0.2097124431940491,0.2441102455108821,0,1,0,0
1634076000.0,0.20949991980103871,0.2044475531866933,0.213165553203457,0.2128065910183524,0.2075705090080939,0.2657949322628062,0,1,0,0
1634162400.0,0.21261874399661673,0.21320156319380965,0.22168921647401044,0.22307054140060298,0.21774485167622892,0.23226295768706773,0,1,0,0
1634248800.0,0.21856964207101245,0.21680194799579172,0.22906901790288905,0.22696005427161942,0.22160045888333682,0.22481561503433245,0,1,0,0
1634508000.0,0.21742245797550588,0.2236498196067748,0.22777758586194166,0.23311846915829837,0.22770506737323826,0.2916436635109745,0,1,0,0
1634594400.0,0.23018459469637492,0.23187432378220013,0.24028634559399029,0.24107752875994995,0.23559475824657242,0.25676860756502795,0,1,0,0
1634680800.0,0.23624303534228033,0.23392163055307635,0.24607946019645424,0.24287822749588464,0.23737973229173936,0.18876219167251684,0,1,0,0
1634767200.0,0.23663737483388467,0.2335333460435347,0.24515698501784441,0.24367053854109336,0.23816506915814725,0.2001301050912894,0,1,0,0
1634853600.0,0.23979207642723147,0.23543943149226168,0.24799822332756555,0.24082545614670137,0.23534480742221414,0.1905214124354113,0,1,0,0
1635112800.0,0.2361713235652051,0.23258027861038164,0.2442345098392346,0.24064537546891546,0.23516643569008577,0.15961274424050206,0,1,0,0
1635199200.0,0.2385015225506527,0.23776912796003014,0.24936347183230528,0.24309435456096648,0.23759397482368205,0.19813233308417982,0,1,0,0
1635285600.0,0.2386090651221624,0.23385101989200174,0.24744476035980398,0.2414016941477904,0.23591612204448656,0.17996267998312723,0,1,0,0
1635372000.0,0.24025812769591104,0.24599363213545547,0.25198332347896146,0.254798896344542,0.2491963891766042,0.3465055271944632,0,1,0,0
1635458400.0,0.23093743930027716,0.23459230475951015,0.23976976318386944,0.2448230109418739,0.23930753228401774,0.4406965393408867,0,1,0,0
1635721200.0,0.2372826768662772,0.2337451286091794,0.24489872148703942,0.24179785147109345,0.2363087904776905,0.24998845109055784,0,1,0,0
1635807600.0,0.23609966556120804,0.24034594056259717,0.2480351038852064,0.2456153219870826,0.24009292693083412,0.22929015480082485,0,1,0,0
1635894000.0,0.24230147598818574,0.24175785021896015,0.2523523356898097,0.2509093798721281,0.2453408939190378,0.1739670920451869,0,1,0,0
1635980400.0,0.24656748427927033,0.2433815424409678,0.25537802475644417,0.24900064641483222,0.24344868665835812,0.19624361307442573,0,1,0,0
1636066800.0,0.24767878380726416,0.24256969632996397,0.25323787865216874,0.2501530647946507,0.24537935400340535,0.21543865787283478,0,1,0,0
1636326000.0,0.24595806322951846,0.24034594056259717,0.25360689086301685,0.2471279017224728,0.24237614866052612,0.17589594924841212,0,1,0,0
1636412400.0,0.24162034316135875,0.23985171535265398,0.25323787865216874,0.24846040438147463,0.2436989661087895,0.18258674366949368,0,1,0,0
1636498800.0,0.2409750913171725,0.2352629824957711,0.24508322759246357,0.23805236568777202,0.23336664097015414,0.21439054700936258,0,1,0,0
1636585200.0,0.23717513787963937,0.2327920611760263,0.24445589650229954,0.23787228500998614,0.23318793700067725,0.12280542321641293,0,1,0,0
1636671600.0,0.2352751055953587,0.2362159969815178,0.24371792742911383,0.245507283664324,0.2407672856890073,0.20915340056691892,0,1,0,0
1636930800.0,0.2422297642111105,0.2414401799003203,0.25091322275256833,0.24554327963205536,0.24080304815055587,0.19180655993202425,0,1,0,0
1637017200.0,0.24068829439707787,0.24006354733587787,0.250581142757971,0.24914467710392474,0.24437823259040453,0.19193302995673514,0,1,0,0
1637103600.0,0.24448825141948288,0.252453222766724,0.2566695121459022,0.2581121748158669,0.2532804528961308,0.3038279522988388,0,1,0,0
1637190000.0,0.254203279306721,0.2654076811211815,0.2642707002378458,0.2738862597286801,0.26893976334278646,0.48944619003370765,0,1,0,0
1637276400.0,0.2683276279081659,0.2737027959576816,0.2771115399644918,0.2835380337644699,0.27852130429926075,0.4117386902097812,0,1,0,0
1637535600.0,0.282774657997218,0.2902223620222007,0.2936053998479362,0.28523069417764596,0.2802016380247436,0.41235324365321163,0,1,0,0
1637622000.0,0.28076713691450583,0.2764560575567393,0.2864469850821226,0.286635239191675,0.2815959262269712,0.3312231014539509,0,1,0,0
1637708400.0,0.2794407522434926,0.2776561846474576,0.288587131186398,0.2885439726489708,0.2834907769413369,0.23058363265834692,0,1,0,0
1637881200.0,0.27521062851992073,0.27169076980855306,0.27648426422283856,0.270068789212691,0.265150061914055,0.25896820149779887,0,1,0,0
1638140400.0,0.274493611125581,0.27430285950304073,0.2854506934397204,0.2824216077509853,0.27741289550161424,0.3036053044709047,0,1,0,0
1638226800.0,0.2767162675395189,0.28958701785509383,0.2896202996965403,0.3006446717558495,0.2955033238559139,0.6265957374300534,0,1,0,0
1638313200.0,0.3035669256522702,0.3064595878074069,0.3066307456800063,0.2987359346971562,0.29360858509108945,0.543308789060873,0,1,0,0
1638399600.0,0.2722351776902869,0.28492762138972993,0.2817977286314326,0.2950984908379909,0.28999752985142646,0.4853245546475462,0,1,0,0
1638486000.0,0.291163297628571,0.2876103252751193,0.2888823306233546,0.28818381129339915,0.2831332064949844,0.41445552382445355,0,1,0,0
1638745200.0,0.29213117360241453,0.2979174133133416,0.3057082705013965,0.3007167141108768,0.295574794609878,0.37459815474932806,0,1,0,0
1638831600.0,0.3093027421685185,0.3109777629506215,0.320689256332318,0.3218208528764668,0.31652538568341376,0.42347616873070293,0,1,0,0
1638918000.0,0.3202366121552602,0.32643842324657146,0.32939742570829544,0.33586633542933475,0.3304686577234463,0.410577362168499,0,1,0,0
1639004400.0,0.3302025523950803,0.3292269619375498,0.34127890969869074,0.3339935943383728,0.3286095694706291,0.38000039379887934,0,1,0,0
1639090800.0,0.3312780247135116,0.33939288160102915,0.34412014800841184,0.3516044243744166,0.34609220570855337,0.40453330667617843,0,1,0,0
1639350000.0,0.352464574502218,0.3482174493218137,0.34721965353883877,0.3382432685649609,0.3328283084884017,0.5477939311048861,0,1,0,0
1639436400.0,0.3314213944945839,0.33272150840411596,0.3349692126861059,0.33316528732543266,0.32778725675409554,0.4953255315716892,0,1,0,0
1639522800.0,0.33091951601634184,0.33893398643041284,0.3353381695484435,0.35106423636202105,0.3455560468535409,0.4638326021548372,0,1,0,0
1639609200.0,0.34586842458363604,0.3447228993254204,0.32958193181371953,0.3257103693488807,0.3203866662043752,0.5362404778295018,0,1,0,0
1639695600.0,0.3123498510021493,0.3176491326177075,0.3256706444362153,0.32167681858597685,0.31638244417548544,0.7075691173831156,0,1,0,0
1639954800.0,0.30643483391039433,0.3074479358623077,0.3174421842925192,0.3166708797014759,0.3114129751446848,0.3746061064574686,0,1,0,0
1640041200.0,0.31819321008990725,0.31669606518455445,0.3235673751996799,0.3283394255173201,0.3229964844702206,0.3128357230109559,0,1,0,0
1640127600.0,0.3234988025470386,0.3260854193587776,0.33474777067453027,0.33788310720938913,0.33247068387291634,0.3164306523960011,0,1,0,0
1640214000.0,0.33357233913144657,0.32957996582534377,0.3462602978025881,0.34018800159138557,0.3347589216643159,0.2263919465099953,0,1,0,0
1640559600.0,0.33801754441316595,0.3421814202920074,0.35290213015828104,0.35477367215664907,0.3492384067284939,0.25124292771291457,0,1,0,0
1640646000.0,0.34902312976185473,0.3453935770616814,0.3582893556821567,0.35102818637332767,0.3455201760537266,0.26723987122776643,0,1,0,0
1640732400.0,0.346047678932221,0.34292270868934294,0.35685029440352534,0.35135235536256554,0.3458419262581221,0.20364362413108655,0,1,0,0
1640818800.0,0.34654955741046306,0.3427109261236983,0.3566657882981013,0.34710267753457985,0.34162324140948236,0.19388990746483642,0,1,0,0
1640905200.0,0.34160241629255156,0.33798091899725974,0.35360316701521594,0.34483383314127686,0.3393708780291726,0.21013146066820096,0,1,0,0
1641164400.0,0.3406703711131426,0.3508648196380491,0.35526366661552217,0.3608239946996073,0.3552446549068537,0.36320411428952243,0,1,0,0
1641250800.0,0.3578777668888091,0.3510765986738666,0.360466382344073,0.3525047737423839,0.3469860433481841,0.3435993671954931,0,1,0,0
1641337200.0,0.3470514394735771,0.34129896351992894,0.3439356419029877,0.33529009742824567,0.329896624457344,0.3255270278559696,0,1,0,0
1641423600.0,0.32227996044753493,0.32410872324897605,0.33286593975966977,0.324774024013182,0.3194570661031959,0.33448746697201226,0,1,0,0
1641510000.0,0.32296109327436195,0.3200141097072236,0.3306151003238619,0.32538625438060487,0.32006491599997977,0.2958841958664749,0,1,0,0
1641769200.0,0.3093027421685185,0.31422519681221606,0.32006198059066465,0.32545829673563215,0.32013638314266846,0.371828688399821,0,1,0,0
1641855600.0,0.32091774498208725,0.32368510870010747,0.3298402506930353,0.33586633542933475,0.3304686577234463,0.2558575690037873,0,1,0,0
1641942000.0,0.33454021510529,0.33074476287673515,0.3445998535507926,0.33748695348748353,0.33207746291455664,0.25080974894564134,0,1,0,0
1642028400.0,0.3333213730057864,0.32876806676693354,0.3334194027274315,0.32545829673563215,0.32013638314266846,0.2875413394160114,0,1,0,0
1642114800.0,0.3174045311066987,0.3187433719554307,0.3308364832970261,0.3286275445178646,0.32328258416260885,0.2721491043726064,0,1,0,0
1642460400.0,0.31801395574132235,0.314366365186959,0.32463747961597367,0.3168509603792618,0.31159172967201904,0.3119678508653352,0,1,0,0
1642546800.0,0.31260081712780946,0.3092128494064646,0.31183351675706783,0.3039939461949057,0.298828337183597,0.32657741063605333,0,1,0,0
1642633200.0,0.3017744897125774,0.3042710597143814,0.30533925829054825,0.2977995389418929,0.2926789308207773,0.31372404240608087,0,1,0,0
1642719600.0,0.29259722487109396,0.2924461707369739,0.2984022818464095,0.2902366366635444,0.2851711070555444,0.4327285491313327,0,1,0,0
1642978800.0,0.2768238101110286,0.2782209711008962,0.2703590142772664,0.2873915002481903,0.2823466562399994,0.5820907842731874,0,1,0,0
1643065200.0,0.27309551467749255,0.27984466332290386,0.2789196097640706,0.2807649433055406,0.2757683784068128,0.4060316356815106,0,1,0,0
1643151600.0,0.289299149911803,0.28559829559616373,0.2818715414053242,0.2804408283372647,0.2754466282024173,0.37754520924730645,0,1,0,0
1643238000.0,0.28553502368383243,0.28365688010810997,0.2835688662147606,0.27874816792408863,0.27376618613866854,0.4293422574217836,0,1,0,0
1643324400.0,0.2972217418593483,0.30663608975130385,0.30024723220362914,0.3187596974379551,0.31348647204811897,0.6488892978338789,0,1,0,0
1643583600.0,0.31317441096799864,0.3230497645330006,0.32500643647831123,0.3347859053835815,0.3293960619452058,0.4050592553717575,0,1,0,0
1643670000.0,0.3269761354397864,0.3224849780795621,0.3353381695484435,0.33417367501615863,0.32878826982883047,0.29400910735639024,0,1,0,0
1643756400.0,0.3296289585548911,0.32615603001985227,0.3391018830367744,0.3386033758995707,0.3331857633739373,0.2890881359757238,0,1,0,0
1643842800.0,0.3286610288079695,0.3274267677716452,0.3346370773429978,0.3280152601294796,0.32267473426582505,0.3061418993677256,0,1,0,0
1643929200.0,0.3186233767910741,0.31987294133248073,0.32932361293440376,0.3261785654258136,0.32163663700269857,0.2798153083255899,0,1,0,0
1644188400.0,0.3228535542877242,0.3193434355007898,0.33031990088690527,0.3235495632783363,0.31902345302806157,0.26007159566548604,0,1,0,0
1644274800.0,0.31880263113965907,0.324285225192873,0.33209103847023325,0.3349659860613674,0.33037123273226626,0.2509006256101043,0,1,0,0
1644361200.0,0.3342893027527081,0.3288739580497559,0.34489499763923837,0.34018800159138557,0.3355618923891245,0.23748041418554441,0,1,0,0
1644447600.0,0.32744218312359397,0.3247440674160829,0.33253386345497316,0.32520617370281896,0.32067006466266895,0.3116240341514505,0,1,0,0
1644534000.0,0.3209535757765217,0.3162725035830923,0.319582275048284,0.31267332490630334,0.3082126627722407,0.34117712543478806,0,1,0,0
1644793200.0,0.3031725861606659,0.30391810877399383,0.3141212404404174,0.3135376819079369,0.30907183938935867,0.29390156997010913,0,1,0,0
1644879600.0,0.3160781464356854,0.31581360841247597,0.3277369814564999,0.32761910280617657,0.3230685077493404,0.20431951932302944,0,1,0,0
1644966000.0,0.31923285161390413,0.31719023744709135,0.3269990123833142,0.3267548034269026,0.32220943947048825,0.1992077069469909,0,1,0,0
1645052400.0,0.31629323157870476,0.3121426129494192,0.3211689618746986,0.3135376819079369,0.30907183938935867,0.23105959918847138,0,1,0,0
1645138800.0,0.3119555652836232,0.30730671101033136,0.31275599193567766,0.3078474666995883,0.3034157765988977,0.2809789082834837,0,1,0,0
1645484400.0,0.2946047459538062,0.2937169084887668,0.2978487635301371,0.29711531663900737,0.2927481950853942,0.3127482542214104,0,1,0,0
1645570800.0,0.29661226345164654,0.29181077362246066,0.2889930239548871,0.2818093773835625,0.2775342307480617,0.3083801158828933,0,1,0,0
1645657200.0,0.25015235615865594,0.2801623865889501,0.26039629341798237,0.29142510143065875,0.28709218646406603,0.5020167046455394,0,1,0,0
1645743600.0,0.2905179920113066,0.2881750552513245,0.2931256943055555,0.2990240536977007,0.29464541479650597,0.31582064278579386,0,1,0,0
1646002800.0,0.2877217991151296,0.2892340139672999,0.2988819320402794,0.29999639139973316,0.2956118787982696,0.32749223572497993,0,1,0,0
1646089200.0,0.29360098541245006,0.293399238170127,0.29718460723084306,0.29308171545653894,0.28873890643693934,0.283635914760718,0,1,0,0
1646175600.0,0.2924896822995843,0.29608188910811006,0.30080069517139074,0.3051824145634176,0.3007668301627122,0.269437950549463,0,1,0,0
1646262000.0,0.30711596673722136,0.30155313168447767,0.31039445916833724,0.3039939461949057,0.29958551693471724,0.2579026726069713,0,1,0,0
1646348400.0,0.29284819099675413,0.2896929091379162,0.2976643127732238,0.2929736771337803,0.28863145293361947,0.2846310142365868,0,1,0,0
1646607600.0,0.28879727143356093,0.2878221043109369,0.28637316861833023,0.2790362869246331,0.27477789220024035,0.33265024373878715,0,1,0,0
1646694000.0,0.2725219746103815,0.28026827787177244,0.2744179272025539,0.2723376840255586,0.26811954516605874,0.4641544570081433,0,1,0,0
1646780400.0,0.28205769437595657,0.2821390826987516,0.2877384724715805,0.2921813660885716,0.2878439673582727,0.3138542989584777,0,1,0,0
1646866800.0,0.2774690619552148,0.2714789872429084,0.27508208350184804,0.27622720049797245,0.27198567563005355,0.3664381875860962,0,1,0,0
1646953200.0,0.2729162603289076,0.2675608791748801,0.2696210452040807,0.2625778752684077,0.2584184312655944,0.33473775645205384,0,1,0,0
1647212400.0,0.24610143301059076,0.24934695727987233,0.25338550419995204,0.24777612805762697,0.2437056361346887,0.37927489509425044,0,1,0,0
1647298800.0,0.24412974272231303,0.2544652489158525,0.25441867271009433,0.2638743783582807,0.2597070860473679,0.3195696838476574,0,1,0,0
1647385200.0,0.2661767370443815,0.27010235820829315,0.26947347500480806,0.280080666981693,0.27581598946336694,0.3549203276709598,0,1,0,0
1647471600.0,0.2717691300064793,0.273632185296607,0.2811704528897794,0.2837901027763209,0.2795031956700778,0.2538775936768017,0,1,0,0
1647558000.0,0.27858036506808065,0.28591596944463077,0.2890299045125279,0.2958908018831996,0.29153101105758483,0.4352382596815833,0,1,0,0
1647817200.0,0.2893349807062375,0.29251678139804854,0.30102208183445567,0.300932790756394,0.296542746457159,0.3303503068223384,0,1,0,0
1647903600.0,0.2965047244650087,0.30335332232055523,0.3080329264009968,0.31332160526241964,0.30885704433226036,0.27628096338352,0,1,0,0
1647990000.0,0.30539524257460376,0.31471936907475284,0.3181432174595534,0.31832754774831806,0.31383285115161175,0.3388749166017277,0,1,0,0
1648076400.0,0.31640077415021445,0.3200141097072236,0.3275894112572273,0.33222894198973396,0.3276506530347178,0.3088428295661169,0,1,0,0
1648162800.0,0.32651013794418504,0.3240381125879014,0.33696173324259815,0.33456982873806423,0.3299774086908935,0.27254820439070604,0,1,0,0
1648418400.0,0.32037998193633244,0.32562652418816135,0.33419430770676867,0.3377390765202967,0.3331276290604961,0.30975348947458897,0,1,0,0
1648504800.0,0.3365836171706429,0.33720435350800365,0.3502084620478325,0.3498397756271753,0.34515555278626897,0.3484423361058289,0,1,0,0
1648591200.0,0.3432514824511721,0.3393222709399545,0.3515368299949313,0.3455541018314583,0.34089565245003434,0.3183159645308379,0,1,0,0
1648677600.0,0.34070619832270516,0.3337451370807644,0.3430500472820187,0.33417367501615863,0.32958363520737816,0.3577568155605083,0,1,0,0
1648764000.0,0.3270478472168616,0.32262620293153843,0.33397292104370374,0.33309324497040543,0.328509775482703,0.26575176584718635,0,1,0,0
1649023200.0,0.32898370671070487,0.3353688787203513,0.343197672829802,0.34796703093481585,0.34329409553670576,0.25710750179292086,0,1,0,0
1649109600.0,0.33948735622320153,0.3346982045139175,0.3431238600559104,0.33579429307430747,0.33119453854957,0.24549573599117286,0,1,0,0
1649196000.0,0.3210611183480314,0.31821391907114616,0.3272942118202708,0.3241617936457592,0.31963207573780816,0.3047813999701622,0,1,0,0
1649282400.0,0.31675928284738425,0.31726085163799306,0.32626104331012845,0.32527821605784624,0.32074169792403184,0.2613722679256114,0,1,0,0
1649368800.0,0.31898188548824397,0.311683717778803,0.3238625746366364,0.3178953404363216,0.3134032646486905,0.2575130389080866,0,1,0,0
1649628000.0,0.3079763574975051,0.30197669328593996,0.31020995306291316,0.3022652898139983,0.297867217869614,0.24112191786112683,0,1,0,0
1649714400.0,0.30550278514611345,0.3049417339208152,0.3144164361874732,0.3091439733908587,0.30470448554980417,0.2676976624249984,0,1,0,0
1649800800.0,0.3032442979377411,0.3090716245544883,0.3148961417298539,0.3190117664498061,0.3145129987844555,0.23495820809393012,0,1,0,0
1649887200.0,0.3148234197686691,0.3098835236128984,0.3085125729049661,0.30060862176715614,0.29622044372760786,0.2527946467586187,0,1,0,0
1650232800.0,0.29080478893140116,0.293399238170127,0.3030884705133503,0.29981636474290946,0.2954329581522611,0.22891869643483273,0,1,0,0
1650319200.0,0.2947481695079566,0.29770563074769696,0.30434302568655747,0.30820757403419796,0.30377372984045614,0.2239958317903233,0,1,0,0
1650405600.0,0.3081555580730119,0.30144724040165544,0.31242391563098104,0.3075953436667751,0.3031651071307094,0.2247758564936299,0,1,0,0
1650492000.0,0.30869332111876663,0.31080126100672456,0.3117228271154361,0.3046782189173558,0.30026560678715253,0.2978482677771795,0,1,0,0
1650578400.0,0.2999103957688875,0.2978820797441875,0.29545035020515586,0.28800373061561324,0.2836913544066837,0.28896734574254185,0,1,0,0
1650837600.0,0.28076713691450583,0.2812919030185938,0.28423307786256535,0.29192929707672055,0.28759335567049293,0.3312401408285377,0,1,0,0
1650924000.0,0.284818060062571,0.2783621394756392,0.2778126284800367,0.27003279324495966,0.2658285555827071,0.32963768231184176,0,1,0,0
1651010400.0,0.2620899866867537,0.26936106981095764,0.2728681762822909,0.2692044862320196,0.2650053075458118,0.3010115330060259,0,1,0,0
1651096800.0,0.27406344442441416,0.28605719076678,0.2859672795397418,0.29466633754695637,0.2903139895371742,0.4606273064686767,0,1,0,0
1651183200.0,0.2833482482525354,0.2919872755663576,0.2797682721687888,0.27309394868347137,0.2688712718911324,0.4664237230503358,0,1,0,0
1651442400.0,0.2649578949448778,0.2638545501426693,0.2650824820849232,0.274210428717918,0.2699811143651633,0.4335100884457137,0,1,0,0
1651528800.0,0.2701200638478587,0.2726085601497855,0.27633669033366526,0.2796845132597873,0.27542221959112717,0.3044319034647486,0,1,0,0
1651615200.0,0.2755690834440123,0.2929756236212584,0.28718495415530826,0.30323768153699293,0.2988337360405106,0.3774740225268105,0,1,0,0
1651701600.0,0.29055387657881926,0.28450405978826776,0.2712814894558762,0.269924754922201,0.26572115624852016,0.4617954502597937,0,1,0,0
1651788000.0,0.2624484416108454,0.26812566209849154,0.2684402511461551,0.27176144962586707,0.2683740714765104,0.407266801012669,0,1,0,0
1652047200.0,0.25857677281136515,0.25538298630967865,0.25851446250312193,0.2529621512213114,0.24966025029555675,0.46578114930202935,0,1,0,0
1652133600.0,0.26069188665379334,0.25859513954952545,0.26382787525310597,0.261785564223199,0.2584435585207145,0.40439699167948406,0,1,0,0
1652220000.0,0.2534504311179469,0.2540416343669839,0.23755580061580164,0.23293838848051246,0.22972770307214355,0.5078566662955869,0,1,0,0
1652306400.0,0.21498477019162684,0.22139073380008098,0.2116896150570856,0.21874887523855213,0.21560286332114084,0.6589853166029394,0,1,0,0
1652392800.0,0.22150920833313367,0.2280974370363211,0.22759307975651766,0.2351352445397503,0.23191460124969127,0.3991874868891479,0,1,0,0
1652652000.0,0.22495071043144696,0.22605013026544488,0.23154124400176193,0.22948102169773557,0.22628614666063776,0.29563693560858206,0,1,0,0
1652738400.0,0.2368166291824696,0.233992241214151,0.24076599578786023,0.24280623556042194,0.23955059640594517,0.26418035685751523,0,1,0,0
1652824800.0,0.2296110546292639,0.22548534734183343,0.21574847263386238,0.2124824760500766,0.20936495904024482,0.38310231727921323,0,1,0,0
1652911200.0,0.20462449404507435,0.20536534352792576,0.20357184455502128,0.19998562322129235,0.19692507905867582,0.4828875454288659,0,1,0,0
1652997600.0,0.20179241299651282,0.2019766848143549,0.18884912225490486,0.2008499226005663,0.19778541489523824,0.48792552051502835,0,1,0,0
1653256800.0,0.19713206879869588,0.21101303510078417,0.20744619602637393,0.22072965465227273,0.21757458364638427,0.41333168240726226,0,1,0,0
1653343200.0,0.2079583997987998,0.20645957933582182,0.2062654573169591,0.2108258116046319,0.20771592785103407,0.3618591396554714,0,1,0,0
1653429600.0,0.1994263868015026,0.2058241822213087,0.20999223489913857,0.21140204600432336,0.20828944535137814,0.3177460921141017,0,1,0,0
1653516000.0,0.19569814155617282,0.21482525188599022,0.20556436511151344,0.22314258375563026,0.21997655133797056,0.31062287623128415,0,1,0,0
1653602400.0,0.2243771165912577,0.23367451794810476,0.23552634415315787,0.24424677294078484,0.240984615861526,0.312050397168889,0,1,0,0
1653948000.0,0.23756947378637183,0.23713378732275026,0.24135639097187273,0.241365644159097,0.23811657695036437,0.3602903812351805,0,1,0,0
1654034400.0,0.24054487084292742,0.24094600410795633,0.24445589650229954,0.2408975021031261,0.23765062129160602,0.24884605568770538,0,1,0,0
1654120800.0,0.2331242147315743,0.23928698184662175,0.24143020743566507,0.2499009957827996,0.24661312461971238,0.24150587176848262,0,1,0,0
1654207200.0,0.2297902552047706,0.2276385418657048,0.23257446786041494,0.22890484131900615,0.22571251721075233,0.3029316811955734,0,1,0,0
1654466400.0,0.23025630647345016,0.22975645929765567,0.23419797620605895,0.23164188178924197,0.2284371198692383,0.23866711196232254,0,1,0,0
1654552800.0,0.2206488749307999,0.231274260236841,0.23124609991331613,0.2408975021031261,0.23765062129160602,0.22431541472701785,0,1,0,0
1654639200.0,0.2358128686411135,0.23434519215453856,0.24364417000373287,0.23819645399922404,0.2349618930442099,0.17184171405506066,0,1,0,0
1654725600.0,0.2304355608220351,0.2275679312046302,0.2254529299623414,0.21903699063769907,0.21588967804608356,0.2306192260185949,0,1,0,0
1654812000.0,0.2060584212875973,0.2021884673799996,0.20526916936445763,0.19919331217608363,0.19613638009475184,0.31378992798781646,0,1,0,0
1655071200.0,0.17949450632186237,0.18256263582862883,0.1845319421089115,0.18028597544876931,0.1773151090217539,0.4302983556624871,0,1,0,0
1655157600.0,0.1804266088592215,0.17793856940259187,0.1846795159980848,0.18345516921003963,0.18046979653918388,0.28859588737654973,0,1,0,0
1655244000.0,0.18458501722084625,0.1901164622677934,0.1871886780031092,0.19307089325713594,0.19004180372826573,0.3141500267707507,0,1,0,0
1655330400.0,0.17666248263125095,0.17264382877012113,0.17567614718515076,0.1737314068401847,0.1707903358467823,0.37697192895565296,0,1,0,0
1655416800.0,0.16945690807804525,0.175079420050539,0.1785173891847726,0.17913350304798878,0.17616785012198294,0.47692262836518184,0,1,0,0
1655762400.0,0.1814661966101401,0.1891281177427197,0.191468973901561,0.1946555153475534,0.19161914748698072,0.27426842391843514,0,1,0,0
1655848800.0,0.18637745316053905,0.1915989861150581,0.193646004253378,0.19278282827755358,0.1897550431724559,0.24552375629604892,0,1,0,0
1655935200.0,0.19365479326389812,0.1945287461281857,0.19999263717211443,0.20329890169261725,0.20022325699791435,0.2418303771911689,0,1,0,0
1656021600.0,0.20469615204907132,0.20624780030000422,0.21526882243999243,0.21550763912225443,0.21237632225454064,0.3050010185759475,0,1,0,0
1656280800.0,0.21473380406596668,0.21182493062936722,0.21969669222761745,0.21550763912225443,0.21237632225454064,0.23340194521500282,0,1,0,0
1656367200.0,0.21269045577369197,0.2115778180243956,0.20622857675931827,0.20030973458817067,0.1972477140255755,0.22157093946023806,0,1,0,0
1656453600.0,0.19594911126670486,0.20187079353153256,0.20383010808582624,0.20675621445443207,0.20366475924028715,0.21838646967635034,0,1,0,0
1656540000.0,0.19519626307793075,0.1937521806389295,0.19312941815335655,0.19771672480702723,0.1946664898393567,0.3422896072689215,0,1,0,0
1656626400.0,0.19085854300977106,0.19611715772844565,0.20010333050364681,0.20567578440867884,0.20258929972055334,0.23659663862364264,0,1,0,0
1656972000.0,0.1970604107946988,0.2051888415840289,0.2047894638220769,0.21514747776668275,0.21201776231869365,0.24531398266224702,0,1,0,0
1657058400.0,0.20989425929264308,0.21404868639673402,0.22010258499610655,0.22004537832842505,0.216893446524046,0.2480043105831177,0,1,0,0
1657144800.0,0.21684886413531673,0.22262619445995338,0.22822035549817088,0.2323982004681169,0.2291899985912053,0.2184292574392016,0,1,0,0
1657231200.0,0.2239110689074501,0.22615602154826722,0.2345669884169072,0.23488311790553967,0.2316636609358384,0.21196981985973187,0,1,0,0
1657490400.0,0.22538087713261382,0.2229438647785932,0.23006530585539053,0.22706809259437796,0.22388417535777605,0.2066452046277427,0,1,0,0
1657576800.0,0.2257035048471429,0.2293328447487871,0.23475149452233132,0.23063349769991356,0.22743335139127585,0.26134992741226426,0,1,0,0
1657663200.0,0.21577344558996353,0.22227319057215944,0.22394005590981836,0.22930099504091173,0.22610694794641364,0.23710403333356053,0,1,0,0
1657749600.0,0.21968094518387826,0.23109775829294402,0.2281096621666384,0.24003314510149262,0.23679023128591065,0.26343971204214256,0,1,0,0
1657836000.0,0.2401147041417606,0.23783974215093184,0.24637465963341085,0.24615550999947816,0.242884699314131,0.25631801077039934,0,1,0,0
1658095200.0,0.243556202655202,0.24034594056259717,0.24083980856175188,0.23499121024926034,0.23177116860829125,0.27586028015761044,0,1,0,0
1658181600.0,0.23344683886123144,0.23914576052447248,0.2416147135410891,0.24914467710392474,0.24586024589774536,0.28177294313922835,0,1,0,0
1658268000.0,0.2449184181206497,0.24793504762350935,0.2543817368039427,0.256491502736756,0.2531736060870996,0.21301338688998092,0,1,0,0
1658354400.0,0.2570353029973325,0.2544652489158525,0.26017490675491745,0.26481077771494144,0.2614550300732762,0.21401000097692413,0,1,0,0
1658440800.0,0.2602258353851138,0.2569713979099386,0.26559906818494466,0.2602729808864113,0.25693785163463795,0.2200260361643686,0,1,0,0
1658700000.0,0.2552786978520742,0.2525943911414669,0.2614294619281247,0.25616739136987765,0.25285097473147544,0.1706061700711337,0,1,0,0
1658786400.0,0.24900517206314937,0.24571123890873625,0.2559684236303574,0.25130553719543125,0.24801127327547876,0.17634200220981755,0,1,0,0
1658872800.0,0.25015235615865594,0.2606777269421494,0.2609866922918955,0.26999674325626627,0.2666173628848969,0.2652572453314007,0,1,0,0
1658959200.0,0.2659257709187213,0.2617719627500454,0.269288968899384,0.27201357265868026,0.26862501179036313,0.27570048868926317,0,1,0,0
1659045600.0,0.2811973573887509,0.28291564818800785,0.28807054877627725,0.2905967439981541,0.28712359733860404,0.3529767030097594,0,1,0,0
1659304800.0,0.28037280100777345,0.2827744233360315,0.29319950707944714,0.2869953465262847,0.2835385505052898,0.2243956891139601,0,1,0,0
1659391200.0,0.2771106070311232,0.27860925561043776,0.288550254318658,0.28159325031848065,0.27816103623008914,0.19439730217475432,0,1,0,0
1659477600.0,0.2797633763731498,0.293363904600973,0.2926829246693264,0.3036338388602961,0.3001012865281016,0.27997472114116856,0,1,0,0
1659564000.0,0.2982971604047015,0.2954818220329237,0.3062617334691581,0.30248136645951557,0.29895408540873913,0.17761200359568668,0,1,0,0
1659650400.0,0.2882595621608843,0.2907518678538916,0.3009852012768149,0.30082475243363543,0.2981284105946893,0.18224254830284042,0,1,0,0
1659909600.0,0.2995877142812803,0.29767030070837003,0.3054130710644399,0.2990960420317658,0.2964051532482869,0.19579793876578888,0,1,0,0
1659996000.0,0.291163297628571,0.2906459765710693,0.3019076764554247,0.29927612270955173,0.29658468058858406,0.20662210680885834,0,1,0,0
1660082400.0,0.30428388927353167,0.30307092909383604,0.3153757919237239,0.31483418499780985,0.31209339362319305,0.23326032907954813,0,1,0,0
1660168800.0,0.31281590227082884,0.30889517555799756,0.3201357933645563,0.3121331368939078,0.30940097104093234,0.18395481612242903,0,1,0,0
1660255200.0,0.3119555652836232,0.31306034681341827,0.32460054370982216,0.3251341853687538,0.3223606977459562,0.22519085992801052,0,1,0,0
1660514400.0,0.3180498367239631,0.3173667393909882,0.33179589438178747,0.32905969420750153,0.3262738325722167,0.17237750772262322,0,1,0,0
1660600800.0,0.3225667573676296,0.31849631229786535,0.3329397562234621,0.32848345980781,0.3256993761402354,0.18103123809610358,0,1,0,0
1660687200.0,0.3225309265731951,0.32710904450559897,0.3362975769433041,0.33395759837064143,0.3311561868034682,0.26874577328847055,0,1,0,0
1660773600.0,0.3260440866755055,0.3226967606452067,0.3383269780574371,0.33251700696931635,0.3297201847576229,0.20342097630315242,0,1,0,0
1660860000.0,0.323462975337476,0.3186022000508606,0.33164826883400417,0.3230453676322746,0.3202785518376339,0.23392600064673894,0,1,0,0
1661119200.0,0.3114895140149437,0.30490645682889467,0.3162613865446929,0.3088198584225829,0.3060981128886102,0.228929677365122,0,1,0,0
1661205600.0,0.3021329984097473,0.3008471768562962,0.31445331674511406,0.3075953436667751,0.30487745481374345,0.1725872813564251,0,1,0,0
1661292000.0,0.3029933855851592,0.2987292594243454,0.31297737859874264,0.30867577371252836,0.3059545105172604,0.17143011849559742,0,1,0,0
1661378400.0,0.30822726985008714,0.30589480135396824,0.3207261922384695,0.31767926739220187,0.31492946913466097,0.161496920417033,0,1,0,0
1661464800.0,0.31464421919316243,0.30910695812364225,0.30305153829709947,0.2945942951919291,0.29191767393958656,0.266545800702931,0,1,0,0
1661724000.0,0.2808746794860155,0.2803388355854407,0.28925134283420284,0.2865272008689165,0.28387611448522015,0.24516327886034606,0,1,0,0
1661810400.0,0.28438789336140413,0.2791387084947224,0.281502529194476,0.2776317455120015,0.27500894160848793,0.2625517712997862,0,1,0,0
1661896800.0,0.2778634014468192,0.27214966497916937,0.27936237940029973,0.2715453729803498,0.26894180371345944,0.3007385243598686,0,1,0,0
1661983200.0,0.2647069252343458,0.2645252243491031,0.2702483209457339,0.274210428717918,0.2715985180033045,0.24863135956791174,0,1,0,0
1662069600.0,0.27585588036410696,0.2713730994899132,0.2713553022297679,0.2664673917408216,0.26387997992231926,0.258960628442427,0,1,0,0
1662415200.0,0.26409750418459405,0.25983054726199156,0.26663223300518624,0.26185760657822627,0.2592848268224919,0.2466809191568766,0,1,0,0
1662501600.0,0.2581824870928391,0.2583480269445539,0.26633703725813046,0.2670076337741792,0.2644185077740777,0.2986881196179242,0,1,0,0
1662588000.0,0.2575371814755746,0.2572537911366579,0.26290540007449614,0.2616055375663751,0.2590335001021576,0.2891241079887404,0,1,0,0
1662674400.0,0.26051263230520844,0.2624073598645586,0.2705435203826905,0.2720855609927454,0.2694803315652179,0.22515072273453943,0,1,0,0
1662933600.0,0.2752822865239178,0.2851394039553746,0.28733257970309156,0.293910022469479,0.29123560149688665,0.36497658789931775,0,1,0,0
1663020000.0,0.2763935896367835,0.272008440127193,0.26545143894726064,0.259372631518444,0.2568076940420768,0.43200039985732364,0,1,0,0
1663106400.0,0.25807489074825124,0.2598658808311456,0.26633703725813046,0.26466669300488693,0.26208497375373696,0.30064121059833954,0,1,0,0
1663192800.0,0.25757301227000906,0.25330039891705475,0.25810857342453364,0.2540785736333984,0.2515304143304167,0.31016697829789525,0,1,0,0
1663279200.0,0.245241099608257,0.23956937507334106,0.24700193537506407,0.24806424705817148,0.24553518776496672,0.5820309571357493,0,1,0,0
1663538400.0,0.23842981077357747,0.25090009178821177,0.2496956034855127,0.26167752590044036,0.2591052417017862,0.2760621020832718,0,1,0,0
1663624800.0,0.25309192242077705,0.26332509725838477,0.26438139356937834,0.27039290057956933,0.2677930027990382,0.3753281972871801,0,1,0,0
1663711200.0,0.26721632479530016,0.26565479372615314,0.2663001567004896,0.25894048182880697,0.2563768941505783,0.3526355368652549,0,1,0,0
1663797600.0,0.24943539253739447,0.25058241793974473,0.25637431639884634,0.2554111267119648,0.2528588003655434,0.2956698783994499,0,1,0,0
1663884000.0,0.24516938424630988,0.23999293667480323,0.24770302758050974,0.24709185533517686,0.24456586002170974,0.3311776631217194,0,1,0,0
1664143200.0,0.23968453744059365,0.24811154956740633,0.25168812404200486,0.24831637009098467,0.24578651448530098,0.3209900103826589,0,1,0,0
1664229600.0,0.2507259464139732,0.25146487471182316,0.25283198588367967,0.2518817211755581,0.2493405368505587,0.2873024095190277,0,1,0,0
1664316000.0,0.23244307831987532,0.23706317313184855,0.2339765895429941,0.24496704163096641,0.24244772775275603,0.5230088354837024,0,1,0,0
1664402400.0,0.2269224007197247,0.22322625800531254,0.21862659150122435,0.21846075623800762,0.21602561729076414,0.4527566300206517,0,1,0,0
1664488800.0,0.2096432931669829,0.21044830159475195,0.208737683415832,0.20304677865980406,0.20066044884709644,0.4405908952184486,0,1,0,0
1664748000.0,0.19863776517624407,0.2103424103119296,0.2075938215741572,0.218352717915249,0.2159178351613712,0.4004022049708021,0,1,0,0
1664834400.0,0.22308656271467894,0.22146134446115562,0.23183644343871854,0.23149785110014956,0.2290212725760108,0.3001288934024299,0,1,0,0
1664920800.0,0.21964511438944379,0.22555595800290806,0.2272240675456694,0.23257822712494067,0.23009821994126198,0.2684769298227678,0,1,0,0
1665007200.0,0.22588275919572784,0.22612068797911322,0.23537877026398454,0.2290848679758299,0.22661599695604137,0.2265646121724748,0,1,0,0
1665093600.0,0.21416021022577753,0.21044830159475195,0.21408802838206684,0.2098534162802398,0.20744553359591467,0.2929174514245296,0,1,0,0
1665352800.0,0.20656029976583937,0.20617718610910252,0.2108409526523674,0.21104188464875157,0.2086302053101503,0.2511649252425839,0,1,0,0
1665439200.0,0.20469615204907132,0.20427110419020272,0.20954946526290935,0.20585586508646472,0.20346059938961716,0.2592480258937909,0,1,0,0
1665525600.0,0.20193584013553514,0.20077655772363662,0.2093280822897451,0.20355097070446837,0.20116305172990773,0.23425694316649134,0,1,0,0
1665612000.0,0.18709447055487868,0.21217788156975487,0.19534332537291368,0.22029750136123824,0.21785649425916076,0.39628359880678937,0,1,0,0
1665698400.0,0.22050545137664943,0.21546064900050338,0.20943877193137686,0.2036950590159204,0.201306650489982,0.30303656801247436,0,1,0,0
1665957600.0,0.20889049875128696,0.20974229381916407,0.21711377279721208,0.21820868722615647,0.21577429057042977,0.2903626811948161,0,1,0,0
1666044000.0,0.22473562528842755,0.2231556473442379,0.21836832797041936,0.22303454543287163,0.2205848418103687,0.34294126868367425,0,1,0,0
1666130400.0,0.2111131013921466,0.2169784499396887,0.2216523359163696,0.22343070275617477,0.22097971673291988,0.20140730087976183,0,1,0,0
1666216800.0,0.21588098816147325,0.22029649446235786,0.2258956995985705,0.22173803874160114,0.21929244213587318,0.21187212744543424,0,1,0,0
1666303200.0,0.21534322511571846,0.22721498026424264,0.2258956995985705,0.23571147893944178,0.23322155075328696,0.29527645817287923,0,1,0,0
1666562400.0,0.23082989672876744,0.23561593343615864,0.23825688913134652,0.24356250021833475,0.24104765428713354,0.255265356073704,0,1,0,0
1666648800.0,0.24122600366975452,0.24359337442419168,0.25065495922176334,0.2539705353106399,0.2514226863701567,0.2505337110773353,0,1,0,0
1666735200.0,0.2443448816384106,0.2418284608800348,0.24578426075949775,0.24320239288372508,0.24068870794480507,0.3015079467856545,0,1,0,0
1666821600.0,0.23398460190698622,0.23145076218073796,0.23135679324484862,0.22681602358252692,0.22435426592701338,0.38097163815032664,0,1,0,0
1666908000.0,0.23445059940258753,0.26127779048750854,0.24497253426093107,0.266215319127573,0.2636287615402507,0.5914351772965858,0,1,0,0
1667170800.0,0.2522315890184433,0.2497705718287409,0.2601010939810258,0.2575719327825093,0.25501274565390303,0.33842242654325616,0,1,0,0
1667257200.0,0.25911453585711997,0.2540416343669839,0.2498062968170452,0.2478841663803856,0.24535566042466958,0.27191623291992023,0,1,0,0
1667343600.0,0.23713925331212674,0.24246380504714163,0.2345669884169072,0.227644330595467,0.22517999491019608,0.32199419752497405,0,1,0,0
1667430000.0,0.2124394896480318,0.2093893428787765,0.21150510895166147,0.20549575775185508,0.20310165304728867,0.33832889930941307,0,1,0,0
1667516400.0,0.21254702863466965,0.20893044770816024,0.1953802612790653,0.2036950590159204,0.20213072550897307,0.5007569268844223,0,1,0,0
1667775600.0,0.19469438459968869,0.1965054422379872,0.20014020737138694,0.2056397884409475,0.20407252641647142,0.2832580192976597,0,1,0,0
1667862000.0,0.20652447255627676,0.20455344446951565,0.2068558525009715,0.2077286061774267,0.20615814637185137,0.3079988125449177,0,1,0,0
1667948400.0,0.19967735292716277,0.19438757775344273,0.19615510721999113,0.191054117875684,0.18950894919036085,0.2512361119630798,0,1,0,0
1668034800.0,0.20949991980103871,0.22375571088959706,0.21427253448749098,0.23427088753811673,0.23266021047402147,0.4176017496787131,0,1,0,0
1668121200.0,0.2259186401783686,0.23483936794690252,0.2322423325173068,0.2444628495863021,0.24283675963150386,0.32341452405997556,0,1,0,0
1668380400.0,0.23721096508920197,0.23579243538005562,0.2435334213236897,0.23934887237904254,0.23773046659351837,0.2453908491742719,0,1,0,0
1668466800.0,0.2488617986972052,0.24747615245289317,0.24770302758050974,0.24568731032114785,0.24405934612750235,0.3078465941319423,0,1,0,0
1668553200.0,0.23778455892939124,0.23434519215453856,0.24301683522366826,0.2411855634813111,0.23956437342208248,0.21072215898720986,0,1,0,0
1668639600.0,0.22810536183658747,0.24002821729655094,0.2388103520991081,0.24813628941319876,0.24650457328863218,0.2719544768495484,0,1,0,0
1668726000.0,0.2491844264117343,0.2443346098741209,0.2529057986575713,0.2501890571609846,0.24855421049465634,0.2509021402211787,0,1,0,0
1668985200.0,0.24147697338028645,0.23611010569869545,0.24460352205008284,0.2383764806560479,0.23675953905520267,0.18991821857503877,0,1,0,0
1669071600.0,0.23419968705000563,0.23628660764259243,0.24168847096647006,0.2461915059672095,0.24456271821200087,0.16371544698823373,0,1,0,0
1669158000.0,0.23893168925181954,0.24126367795642334,0.250581142757971,0.2493968001367379,0.24776319670311922,0.1883176533221858,0,1,0,0
1669330800.0,0.23484493889419186,0.23085069863537883,0.24238955948201493,0.2387366420116197,0.23711914626095265,0.10082803787436452,0,1,0,0
1669590000.0,0.2234808986214113,0.2229438647785932,0.2285893677090191,0.2247272058460477,0.22313096439846053,0.2297596842338832,0,1,0,0
1669676400.0,0.22043373601470234,0.2164842776771519,0.2174089722341687,0.21374293275265363,0.21216340144944104,0.2847317358730332,0,1,0,0
1669762800.0,0.21007345986814974,0.2302859121819402,0.2181469413073544,0.23844852301107516,0.2368314503847812,0.3893046496288067,0,1,0,0
1669849200.0,0.23448648397010016,0.23173315540745726,0.24050773225705524,0.23945691070180114,0.23783836067245262,0.23734940032761037,0,1,0,0
1669935600.0,0.22642052224148254,0.22774443314852716,0.23696540174188843,0.23765621196586645,0.2360403824241112,0.2153761801660165,0,1,0,0
1670194800.0,0.2329091295885549,0.23805152118674935,0.23740822672662834,0.23340658815884288,0.231797231183773,0.2281708572168567,0,1,0,0
1670281200.0,0.2303997300276006,0.22527356477618876,0.22320208683663265,0.2200093859620912,0.2184203154847136,0.2126491229265921,0,1,0,0
1670367600.0,0.2129055373318394,0.21140131608049864,0.21611748484471063,0.21291462573971354,0.21133635073941537,0.2315586635374802,0,1,0,0
1670454000.0,0.21351496196646313,0.21193082191218954,0.22017639776999817,0.21907298660543043,0.2174853706957536,0.202808316123565,0,1,0,0
1670540400.0,0.21344324660451605,0.21916697803271418,0.21943837334830169,0.21730833785818912,0.215723375196768,0.25570118541035736,0,1,0,0
1670799600.0,0.21473380406596668,0.21539003833942874,0.2200287722222149,0.22569959756904232,0.22410189193677613,0.23436675246938404,0,1,0,0
1670886000.0,0.23911094360040447,0.2346981960423325,0.23176268232343689,0.22922895268588445,0.2276259371038803,0.32306048372133883,0,1,0,0
1670972400.0,0.22423374681018549,0.22301447896949492,0.22039778443306304,0.22108981600784441,0.21949907932155505,0.2791556952026966,0,1,0,0
1671058800.0,0.20903387211723112,0.2058595157904627,0.20146857531848583,0.19692441376181852,0.1953703852200691,0.34216616646635933,0,1,0,0
1671145200.0,0.19318874199521854,0.19121070160551645,0.19298179260557327,0.18975761478581107,0.1882144549760595,0.5739963240389224,0,1,0,0
1671404400.0,0.18752464084091747,0.18256263582862883,0.1840891724726824,0.1820506241960105,0.1805191698981955,0.26893737158937986,0,1,0,0
1671490800.0,0.17418891027985917,0.17567948359589813,0.1788125849318284,0.1817985551841595,0.18026745677137976,0.2607592290932554,0,1,0,0
1671577200.0,0.1798888458134667,0.18824566097064124,0.18936570466502559,0.19314293561216322,0.1915946233148737,0.2929265390909759,0,1,0,0
1671663600.0,0.1848001561369438,0.1803035500219351,0.18032545898435143,0.1815464321513463,0.1800157400332885,0.2623469201519761,0,1,0,0
1671750000.0,0.17250401691167608,0.17274972005294345,0.17789010975321856,0.18021393309374203,0.1786852630696314,0.20919467371869582,0,1,0,0
1672095600.0,0.17415308307029667,0.169184615872709,0.17449540847573586,0.17362336851742607,0.1721046704088317,0.22885773333908885,0,1,0,0
1672182000.0,0.16802292706244407,0.16784326393001436,0.16397919881938525,0.15925379980746213,0.15775690661951822,0.29107265513593256,0,1,0,0
1672268400.0,0.16200034230507626,0.1659018484419605,0.17084241414824236,0.1721107887820359,0.17059438803666177,0.25421194407147146,0,1,0,0
1672354800.0,0.16350601000364945,0.16403104361498122,0.16973543286420847,0.17326320716185428,0.17174506320308172,0.2592499191576339,0,1,0,0
1672700400.0,0.1702097024937412,0.16738436875939808,0.15770634915533488,0.15576044065835132,0.15426884420176978,0.39209380592228077,0,1,0,0
1672786800.0,0.15805698682262398,0.15947759137984596,0.16106417356507746,0.16040624699846032,0.15890763956634663,0.3049889016873525,0,1,0,0
1672873200.0,0.15891734890393278,0.1563360205624571,0.1598834053364569,0.15558035998056546,0.15408906768346128,0.2741252931719061,0,1,0,0
1672959600.0,0.15490231032338028,0.16523117070569962,0.16036308135963187,0.17214678114836968,0.17063031661688458,0.29984338921490894,0,1,0,0
1673218800.0,0.1708908353205682,0.17624427004933665,0.1788125849318284,0.174055518207063,0.1725361311637517,0.2356091122031457,0,1,0,0
1673305200.0,0.17013799071666597,0.16865511004101819,0.17228144590766795,0.17614433594354223,0.17462180528826454,0.20950251841956394,0,1,0,0
1673391600.0,0.1736870318016171,0.1765972209897243,0.18091585785826453,0.186084225378479,0.18454664131893117,0.23056583597822292,0,1,0,0
1673478000.0,0.1831152627687607,0.17924459130595968,0.1845319421089115,0.18579610997933194,0.1842589454427597,0.23783861970463568,0,1,0,0
1673564400.0,0.17648322828266602,0.18157428777372803,0.18534372764588955,0.19065796415377842,0.18911341701566367,0.186455817659002,0,1,0,0
1673910000.0,0.18652088029956138,0.18993996032389643,0.19445778610045547,0.19490763838036657,0.19335673076340065,0.2085574011091497,0,1,0,0
1673996400.0,0.19365479326389812,0.19459936031908742,0.19777867460404652,0.19227863623288927,0.1907315898554922,0.23137577425024858,0,1,0,0
1674082800.0,0.18383222639002217,0.18626896486083963,0.19312941815335655,0.19249470927700904,0.19094737801336067,0.18823813624078076,0,1,0,0
1674169200.0,0.18813406189066925,0.19251677292646346,0.1947898624051521,0.2018583102912922,0.20029676451127598,0.2713266705592171,0,1,0,0
1674428400.0,0.19831508368863682,0.21122486708400806,0.20836867120498376,0.21352685970853394,0.211947671071981,0.2771454276542234,0,1,0,0
1674514800.0,0.206165963859107,0.21066008416039653,0.21722446612874458,0.2186408369157935,0.2170538521604252,0.21911613356143375,0,1,0,0
1674601200.0,0.20824519313402245,0.2080832715578295,0.21172649561472645,0.21622790781243598,0.21464460774865107,0.2167086592587039,0,1,0,0
1674687600.0,0.2164186974341498,0.21450758156735028,0.223128274062741,0.22379086411174648,0.2221960737786335,0.172428247193615,0,1,0,0
1674774000.0,0.2163828702245872,0.22502645217121717,0.22748238642498517,0.23088556671176458,0.22928003852393175,0.23471927819694638,0,1,0,0
1675033200.0,0.22283565036209693,0.21909636737163954,0.226633724020267,0.2203334973289696,0.21874393994110777,0.2099534938669611,0,1,0,0
1675119600.0,0.21473380406596668,0.21482525188599022,0.22453045478373157,0.22497927485789884,0.22338267752527619,0.21699340614068768,0,1,0,0
1675206000.0,0.21928660569227393,0.22283797702559807,0.22098817961707554,0.2290848679758299,0.22748206027559034,0.26163315968317363,0,1,0,0
1675292400.0,0.2369599989635418,0.23896925858057552,0.24626396630187836,0.24849645076877055,0.24686418049438205,0.41565168792044654,0,1,0,0
1675378800.0,0.23384117835283577,0.26085422888604637,0.2450094148185719,0.26174956825546764,0.2600971651960186,0.5520359780714609,0,1,0,0
1675638000.0,0.25011652536422146,0.24574657247789025,0.25589461085646575,0.2517736828527995,0.25013640058512915,0.23207817513599313,0,1,0,0
1675724400.0,0.24319769395803215,0.2532650688777278,0.25537802475644417,0.26228975626786316,0.2606365741990058,0.28306111985799004,0,1,0,0
1675810800.0,0.25481270035647285,0.2509707024492864,0.2573336684451963,0.2524579555752496,0.25081963224727344,0.21035032196844913,0,1,0,0
1675897200.0,0.254454191659303,0.25008824567720794,0.2545662429093668,0.24867647742559432,0.2470439281224864,0.17963022285230043,0,1,0,0
1675983600.0,0.23896757381933217,0.23953404150418706,0.2501383731217418,0.2491806730716561,0.24837644545681659,0.18509645421974433,0,1,0,0
1676242800.0,0.24430899707089795,0.24984113307223632,0.25641119326658646,0.25940868150713736,0.25860457085138233,0.20307602363096197,0,1,0,0
1676329200.0,0.24850329000003532,0.24811154956740633,0.25618981029342236,0.257067740737845,0.2562636012147305,0.20121532392608396,0,1,0,0
1676415600.0,0.25205233466985844,0.2542181363108809,0.2636434244961926,0.2647387353599142,0.263934640188703,0.21585479726552118,0,1,0,0
1676502000.0,0.2534862619123814,0.25714789985383557,0.2653776815218798,0.2589044894624731,0.25810031761565505,0.2256774287356557,0,1,0,0
1676588400.0,0.24932784996588475,0.2453935685900963,0.2561529297357815,0.2547268539895147,0.25392268574721166,0.19150856020313964,0,1,0,0
1676934000.0,0.24162034316135875,0.23939287312944407,0.24714956461274806,0.24006914106922397,0.23926488312003832,0.19046007068689885,0,1,0,0
1677020400.0,0.2368524563920321,0.23462758538125786,0.24253718871969893,0.24161777079330754,0.24081346306917709,0.16071348783880904,0,1,0,0
1677106800.0,0.24122600366975452,0.23600421441587321,0.2428323844667548,0.24338241954054884,0.24257815980225728,0.15080376623189756,0,1,0,0
1677193200.0,0.23054310339354478,0.22488528026664711,0.2372237206212042,0.2336947071593873,0.23289037873104035,0.17759496422109988,0,1,0,0
1677452400.0,0.23269404803040736,0.23187432378220013,0.24360723409758137,0.23805236568777202,0.237248086853661,0.13794585416870192,0,1,0,0
1677538800.0,0.23032801825052537,0.2315566534635603,0.2413195141041326,0.23621567458550344,0.23541137406401194,0.15895540303422037,0,1,0,0
1677625200.0,0.2295393428521887,0.22502645217121717,0.23460386897454802,0.22865271828619296,0.22784839167637244,0.17763055758134788,0,1,0,0
1677711600.0,0.2207564175023096,0.2231909809133919,0.23050807549161964,0.23081357837769936,0.2300092814475714,0.165358800003938,0,1,0,0
1677798000.0,0.23387700556239838,0.2387221989230103,0.24316446446135226,0.24925271542668337,0.24844851929379386,0.23538760033351736,0,1,0,0
1678057200.0,0.25449001886886563,0.2570420085710132,0.26578357429036875,0.2593366391521101,0.25853255118353796,0.2990985792190817,0,1,0,0
1678143600.0,0.2541673947392084,0.2490292869612325,0.2571860982459238,0.25130553719543125,0.25050135247865973,0.18029248654457386,0,1,0,0
1678230000.0,0.25097686235142713,0.2470525908514309,0.25976901767632915,0.2558792723693331,0.255075123216089,0.1463000702022233,0,1,0,0
1678316400.0,0.25366551626096634,0.25082947759731006,0.25386515439382196,0.24766808973486845,0.24686384825703353,0.17140020492687835,0,1,0,0
1678402800.0,0.24165622772887138,0.23812213184782396,0.24419763297149458,0.24014118342425125,0.23933690278788272,0.22720907918462427,0,1,0,0
1678662000.0,0.23305250295449906,0.24588774085263312,0.2445297092761912,0.24723594004523142,0.24643172663869203,0.2873569355177054,0,1,0,0
1678748400.0,0.245492011960839,0.2468054782464593,0.25338550419995204,0.25487088467860725,0.25406672869417585,0.24660935378361207,0,1,0,0
1678834800.0,0.24516938424630988,0.24627602536217477,0.25272129255214715,0.25631147607993215,0.25550730261483895,0.25975617790924604,0,1,0,0
1678921200.0,0.24864671713905767,0.2576067950244518,0.2590679254708835,0.2666114764508762,0.2658073935081161,0.255943901835027,0,1,0,0
1679007600.0,0.2626994077365056,0.25859513954952545,0.26880926335700334,0.2635502669914023,0.2627461658013371,0.34221425536797095,0,1,0,0
1679266800.0,0.2590787050626855,0.2624073598645586,0.2683295578146226,0.272193599315504,0.2713895659900095,0.24640298802472754,0,1,0,0
1679353200.0,0.2671446667913031,0.26798444077634226,0.2771484168322319,0.2789642445696059,0.2781602670284019,0.24752720809468742,0,1,0,0
1679439600.0,0.2742426987729991,0.2776561846474576,0.28183460918907344,0.27374222903958767,0.2729382001082811,0.25420474966886814,0,1,0,0
1679526000.0,0.272557805404816,0.27557360078466087,0.2813549036466927,0.2777037338460667,0.276899769361916,0.22361074192466174,0,1,0,0
1679612400.0,0.2726653479763257,0.2713024852990115,0.2819822347368567,0.28245760371871664,0.2816536199647981,0.19170697425388364,0,1,0,0
1679868000.0,0.276537013190934,0.27282033918560317,0.28205599216223753,0.27536284709773645,0.27455879972526426,0.16593510951774026,0,1,0,0
1679954400.0,0.26947481200367246,0.2647723369540747,0.27508208350184804,0.27309394868347137,0.2722899039255897,0.1417085267302349,0,1,0,0
1680040800.0,0.274493611125581,0.27380868724050395,0.28751708580851565,0.2843303448096786,0.2835263732842112,0.16182824158955403,0,1,0,0
1680127200.0,0.28223694872454147,0.27882103464625535,0.2946016878004377,0.2900565559857586,0.28925263927092615,0.15499734564409215,0,1,0,0
1680213600.0,0.285499192889398,0.2877514936498623,0.2969632242576788,0.29920408035452445,0.29840023852619313,0.2278808091961126,0,1,0,0
1680472800.0,0.2920595155984174,0.29230494588499756,0.3054868838383315,0.30377786954938846,0.30297406343275524,0.18329974683275893,0,1,0,0
1680559200.0,0.3004122742471297,0.29424636137305143,0.30877089547418257,0.30183314012436135,0.30102934461463066,0.14279185230118646,0,1,0,0
1680645600.0,0.29374440896660053,0.28792799559375926,0.29655733148918983,0.2950984908379909,0.29429462632559406,0.16260826629286065,0,1,0,0
1680732000.0,0.2854633119067572,0.2876103252751193,0.2972953005623755,0.2983397809752505,0.29753599167823447,0.1394286584105217,0,1,0,0
1681077600.0,0.28184260923293714,0.2772679036677431,0.2902106985704535,0.2888680876172467,0.28806416127228474,0.14823915103020058,0,1,0,0
1681164000.0,0.28517656875974084,0.2784327536665409,0.2917973300483574,0.28443838313243724,0.2836344298705442,0.1479638704674317,0,1,0,0
1681250400.0,0.2811256456116757,0.27737379495056547,0.2891037172864196,0.28191741570632106,0.281113492317981,0.1573881592250038,0,1,0,0
1681336800.0,0.2825954574217113,0.29057536590999467,0.29515515076819926,0.3015810170915482,0.30077719091220056,0.22672894747404523,0,1,0,0
1681423200.0,0.29320664592084583,0.2924108901152262,0.30401094569196013,0.3003205603889711,0.29951674741484763,0.1545611376546702,0,1,0,0
1681682400.0,0.29499908186053864,0.2891281226844776,0.30478579532278666,0.30039254872303633,0.29958871291355904,0.12476002880790263,0,1,0,0
1681768800.0,0.2986198383074369,0.2962583910520069,0.31076341603067476,0.3048582995951417,0.30405453540292116,0.15659260975818476,0,1,0,0
1681855200.0,0.2975443659890056,0.2989057613682423,0.31035752326218574,0.3090359350681002,0.30823216727136454,0.14825164657156423,0,1,0,0
1681941600.0,0.29858395373992425,0.2978820797441875,0.3104313397259781,0.3055065259302959,0.3047027774164797,0.16618539899778184,0,1,0,0
1682028000.0,0.29485571207946637,0.29286973233843605,0.306483171790833,0.29963628406512355,0.2988324684828005,0.18845358966611156,0,1,0,0
1682287200.0,0.2946764577308814,0.28986941108181313,0.30426920922276507,0.30075271007860815,0.29994887264446474,0.1264011099069953,0,1,0,0
1682373600.0,0.29535759055770844,0.29237556007589927,0.3036788140387527,0.2951345372252868,0.29433066324408264,0.1520150764386344,0,1,0,0
1682460000.0,0.2877217991151296,0.2887398417047631,0.30024723220362914,0.2950984908379909,0.29429462632559406,0.13984025396998495,0,1,0,0
1682546400.0,0.29535759055770844,0.3003176710246054,0.30906609122123835,0.31184502149476073,0.311041299056122,0.21331214392440273,0,1,0,0
1682632800.0,0.30718767851429657,0.30487117620714693,0.31899193521278235,0.3164187566686627,0.3156150697935512,0.17660895241167734,0,1,0,0
1682892000.0,0.31001970578977994,0.3069890406916914,0.32179623761635184,0.3160946417003869,0.3152909505924097,0.1662478767046001,0,1,0,0
1682978400.0,0.3129234412574667,0.30663608975130385,0.31773732469106436,0.31231316355073163,0.3115094612042277,0.15092304185400512,0,1,0,0
1683064800.0,0.31080838118811666,0.308648062953026,0.3163352030084852,0.30838765471198387,0.3075838746999485,0.2141970554446103,0,1,0,0
1683151200.0,0.2942821182392771,0.2949523162012329,0.30581896383292895,0.30240932050309083,0.30160550917993645,0.27515787927186586,0,1,0,0
1683237600.0,0.31611397723011986,0.3205788961606622,0.32961881237136037,0.33042824325379927,0.3296246340184415,0.3966334739649716,0,1,0,0
1683496800.0,0.32149128504919827,0.31899048456040224,0.3346002004752578,0.33017612022098614,0.32937248031601146,0.17946247967581264,0,1,0,0
1683583200.0,0.32353468711455124,0.3178961922752728,0.3327183695603973,0.32394571700024194,0.32314206943183504,0.1391893498607694,0,1,0,0
1683669600.0,0.3234271445430415,0.3196258287275091,0.33382529549592044,0.33039219686650334,0.3295885970999529,0.17098709475634072,0,1,0,0
1683756000.0,0.32640259537267535,0.3216025213074836,0.3348215834484219,0.3310764695889535,0.3302728724207245,0.15504657050400955,0,1,0,0
1683842400.0,0.32557803540682595,0.31973172001033145,0.33050440699232936,0.3268268457819299,0.3268828380771692,0.139836467442299,0,1,0,0
1684101600.0,0.32392902660615547,0.3167313987537084,0.33223866401801655,0.3250261470459952,0.3250796812597215,0.10866917940643907,0,1,0,0
1684188000.0,0.3197347300921462,0.31648428261890976,0.333456338633583,0.3250261470459952,0.3250796812597215,0.1270096049061282,0,1,0,0
1684274400.0,0.31873097313566195,0.31574299775140136,0.3283642571981531,0.32725899547156684,0.3273156241702079,0.18699312593763892,0,1,0,0
1684360800.0,0.3233554327659663,0.32389694068333136,0.33633445750094493,0.3357582971065761,0.33582671805738046,0.21556285598093408,0,1,0,0
1684447200.0,0.3355081448522116,0.3279562206559297,0.34504262318702167,0.3361544544298791,0.3362234672319305,0.17874152480440691,0,1,0,0
1684706400.0,0.3268685928682767,0.3220261393861792,0.33954465267300354,0.33269708764710226,0.33276124710185656,0.13254020724423332,0,1,0,0
1684792800.0,0.32382148403464583,0.31733146229906767,0.3315375755024717,0.3231894019227646,0.3232403755742438,0.15971384452971704,0,1,0,0
1684879200.0,0.3165083131368523,0.3139428035854967,0.3287332694090014,0.3241977860120931,0.3242501496034084,0.13849490068316533,0,1,0,0
1684965600.0,0.32124037269661626,0.31916693355689285,0.3330504458650939,0.3283394255173201,0.3283975298167581,0.1798240930698213,0,1,0,0
1685052000.0,0.32450261686147286,0.3257677455103106,0.3382901011896971,0.3371267921319117,0.33719714656219807,0.17519203375159317,0,1,0,0
1685397600.0,0.3375515505024364,0.33713379226450824,0.3510571798010614,0.34386144141828223,0.3439411241616871,0.17946853812011018,0,1,0,0
1685484000.0,0.3388779351734498,0.3384045335461283,0.3517582166579963,0.3436813607404963,0.3437608240084271,0.3447917447638002,0,1,0,0
1685570400.0,0.340204319844463,0.34112246157603193,0.3523854923996495,0.35390931515501556,0.3540030008760702,0.22845636140437767,0,1,0,0
1685656800.0,0.35214195037256085,0.3469819886619413,0.36098296844409455,0.35700652058222065,0.35710451236135815,0.2021176534736469,0,1,0,0
1685916000.0,0.3578777668888091,0.35817153347224195,0.35648128219267716,0.35207262405274703,0.35216375297100083,0.4293115865475274,0,1,0,0
1686002400.0,0.34834199335015587,0.34112246157603193,0.35423044275686916,0.3507401249951426,0.3508294155538048,0.2131080500821298,0,1,0,0
1686088800.0,0.3428571429595677,0.3449700154602191,0.35382460533689086,0.3457341825092442,0.34581646676565336,0.20211273098765517,0,1,0,0
1686175200.0,0.3409212834657245,0.3436639406094451,0.35434119143691234,0.35563802555688506,0.35573408385654065,0.1576978971897149,0,1,0,0
1686261600.0,0.35382684374074397,0.34857040026220126,0.3660381693218836,0.35704257057091404,0.35714060706025524,0.15260804667425487,0,1,0,0
1686520800.0,0.3530023375479728,0.3544299238182834,0.36729272080519004,0.3672344749967399,0.3673466928402768,0.17307119959469008,0,1,0,0
1686607200.0,0.3584871879385609,0.3553476612121096,0.37271687854531654,0.36550582221722994,0.36561560985980635,0.1755483460068415,0,1,0,0
1686693600.0,0.36053053623083564,0.35619483736244034,0.3711671276250535,0.36781071299782886,0.36792373855681126,0.18514264985751297,0,1,0,0
1686780000.0,0.36264565365813567,0.3637133867096843,0.3776613344329631,0.3752295845870849,0.37535292679743354,0.21532241147287598,0,1,0,0
1686866400.0,0.3725757093304432,0.36537240897101886,0.37946940423254194,0.3713040721469396,0.3714219414362409,0.3508891902964927,0,1,0,0
1687212000.0,0.3642588352492436,0.3622308663922467,0.3799859903325634,0.3716281871152155,0.3717465012129968,0.156123458977895,0,1,0,0
1687298400.0,0.36601538662142374,0.3597952786416559,0.3732703415130782,0.36784676298652225,0.3679598296444328,0.1550503570316955,0,1,0,0
1687384800.0,0.3618569746749271,0.36558419153666355,0.37725544166447406,0.3787949860912229,0.3789232612942488,0.16159953531732238,0,1,0,0
1687471200.0,0.3683455856068713,0.3673843857025682,0.38219989755212064,0.37764251369044244,0.37776916986117987,0.16854402709336289,0,1,0,0
1687730400.0,0.37293421802761306,0.3691140186249774,0.38301167939919795,0.3725645828704788,0.37268420140518416,0.14964698202383847,0,1,0,0
1687816800.0,0.3695644277063749,0.3703141457156957,0.3846352430933527,0.38261246020860956,0.3827460239504343,0.1596513668228988,0,1,0,0
1687903200.0,0.37687754483109026,0.37564416696991415,0.3917567809914263,0.3868981304029291,0.3870376637872799,0.16149161927827269,0,1,0,0
1687989600.0,0.3810001797562307,0.3762442834626797,0.39670123318917205,0.3881225911377748,0.3882638326686016,0.14305312271151732,0,1,0,0
1688076000.0,0.3901416138032796,0.3918107820940457,0.4052617770173663,0.4038967300715501,0.40405991295330906,0.28967618372535253,0,1,0,0
1688335200.0,0.39784906683472737,0.38969291760950125,0.407106727374586,0.3984586414974121,0.3986142900216604,0.08667513334257246,0,1,0,0
1688508000.0,0.38992652866026023,0.3865160414615749,0.40290024056012513,0.3943890443472124,0.39453898725656344,0.14522280307556926,0,1,0,0
1688594400.0,0.38372466087533247,0.38312743569541036,0.3976605889254227,0.3961177007281198,0.3962700702370339,0.13830860352101637,0,1,0,0
1688680800.0,0.38935293840494284,0.3854218021238518,0.40149811518764533,0.39204810357791997,0.39219482164106984,0.14468398018585793,0,1,0,0
1688940000.0,0.3816454316004169,0.3759618902359604,0.389690388622631,0.38459323962233016,0.38472959287068337,0.19445485739558083,0,1,0,0
1689026400.0,0.3812869766763252,0.37352630248536967,0.388066880276987,0.38268450256363684,0.3828182097369529,0.14415424496259288,0,1,0,0
1689112800.0,0.3831510706200151,0.3819978663183603,0.3949669761634849,0.38877087149389106,0.38891301000252176,0.19759010231955113,0,1,0,0
1689199200.0,0.38609069065521445,0.3801976721524557,0.399800738719599,0.39154390793185834,0.39168990393064557,0.12410155164331516,0,1,0,0
1689285600.0,0.38512276090829284,0.38016234211312877,0.39924727575183744,0.3920841499652159,0.39223091272869137,0.1249785114553822,0,1,0,0
1689544800.0,0.391109489777123,0.3912460485880135,0.4072912334800101,0.40396877242657736,0.4041320445706948,0.15885392409223678,0,1,0,0
1689631200.0,0.39630759702069474,0.39128132920976116,0.409542072915818,0.4030323766713141,0.40319434437850743,0.150650790513385,0,1,0,0
1689717600.0,0.39541137905084833,0.40504763367522256,0.4103907353205362,0.4079663272217499,0.4081351615492731,0.2724009084637224,0,1,0,0
1689804000.0,0.4025452382421069,0.39883515564892563,0.4098372723527746,0.4008715706007697,0.4010305330854067,0.19316365145467035,0,1,0,0
1689890400.0,0.39899625093023394,0.3935404150164549,0.40515108368583386,0.3965858968050527,0.39673894741769405,0.2398765289052164,0,1,0,0
1690149600.0,0.39652268216371406,0.3933286359806373,0.4089147971741648,0.399503021554472,0.3996601045805892,0.13938208411998446,0,1,0,0
1690236000.0,0.3962358852436195,0.39166961018947566,0.41138702327303767,0.4026362193480109,0.4027976529843659,0.10873165711325732,0,1,0,0
1690322400.0,0.39745472734312304,0.395905392105971,0.41286301676791987,0.4058054671302434,0.405971292475764,0.14731145174714175,0,1,0,0
1690408800.0,0.4058791977689105,0.4014119153040864,0.41002177845819876,0.40119568196764804,0.4013550928621626,0.14726714937321608,0,1,0,0
1690495200.0,0.40103959922250865,0.3993999421023643,0.41588870583455434,0.41059533297062467,0.410767850023034,0.15041451118578145,0,1,0,0
1690754400.0,0.4060225711348547,0.3989057663100003,0.4200213798751236,0.4128281813961963,0.41300379293352024,0.11456631762454457,0,1,0,0
1690840800.0,0.40666787316724723,0.3997528930427518,0.42009519264901524,0.40980302192541596,0.40997441306561794,0.10074927809849667,0,1,0,0
1690927200.0,0.402365983893522,0.3942816504663841,0.4074388590277934,0.3988907911870491,0.39904701833429057,0.15835826761814534,0,1,0,0
1691013600.0,0.38992652866026023,0.3843628434078764,0.4031585594394409,0.39381280634612337,0.3939619957091619,0.19942656824723906,0,1,0,0
1691100000.0,0.3682380430353616,0.36674904153546134,0.3707981154142052,0.3607520027641446,0.3608552011805664,0.40603655816750234,0,1,0,0
1691359200.0,0.3560853309491163,0.35174727641012754,0.3539352986684233,0.3494436183038722,0.34953106088596453,0.33703239222974224,0,1,0,0
1691445600.0,0.3473382328087997,0.34165196740772286,0.35478396107314153,0.35286493509795575,0.35295713575928395,0.22437145533677,0,1,0,0
1691532000.0,0.3515683565323716,0.343981614457912,0.3526806918366061,0.3470666815668485,0.3471508583519823,0.19618264997868184,0,1,0,0
1691618400.0,0.34658538820489754,0.34334627029080517,0.35485777384703315,0.3462743705216398,0.3463574213945663,0.17463124900130333,0,1,0,0
1691704800.0,0.3388421043790153,0.3358277209435612,0.3509833670271697,0.34562609016552354,0.346574087092388,0.16441216808244938,0,1,0,0
1691964000.0,0.34117224959138465,0.33960466063684663,0.35378767312064,0.35164047436310997,0.35260496778112055,0.13293665669295274,0,1,0,0
1692050400.0,0.3444344973411131,0.3388633757693382,0.3528283173843894,0.3444016294306778,0.3453462678581502,0.13273597072559715,0,1,0,0
1692136800.0,0.33816097155218827,0.335545327716842,0.3507988609217456,0.3412324356694075,0.3421683815067317,0.1453916822103628,0,1,0,0
1692223200.0,0.3381967987617508,0.3319096128755329,0.339655346004536,0.3319768189569208,0.33288737812220454,0.2177067879567215,0,1,0,0
1692309600.0,0.32084603320501204,0.3234027684207946,0.3340467375074961,0.33374152172512417,0.33465692118704254,0.19896839839723857,0,1,0,0
1692568800.0,0.3307761426503977,0.3270384867919307,0.3406147533993967,0.3386033758995707,0.33953211064764766,0.14291907963143455,0,1,0,0
1692655200.0,0.3379100054265281,0.3325096764208921,0.3498763857431358,0.34360931838546904,0.3445517836308312,0.12691077653352478,0,1,0,0
1692741600.0,0.34314393987966235,0.3461701425509375,0.357551386608971,0.3576187509496435,0.3585996418214148,0.16719412997332012,0,1,0,0
1692828000.0,0.3508513929111101,0.34458173095067757,0.3489907911221668,0.3405481629469574,0.3414822319339613,0.17561158101919694,0,1,0,0
1692914400.0,0.3390571895220347,0.33769852577054044,0.3482897542652319,0.3485792649036362,0.3495353619151178,0.16237312292356287,0,1,0,0
1693173600.0,0.3487721600513228,0.3427814838373666,0.3583631684560484,0.35426947651058727,0.35524118085979617,0.13348608186018474,0,1,0,0
1693260000.0,0.3473740636032342,0.357995031528345,0.36186856306506354,0.36842294336525166,0.36943346840382546,0.16825852290584192,0,1,0,0
1693346400.0,0.36615881017557417,0.3684080637967959,0.38120366125822913,0.3811358728395532,0.3821812674045198,0.19783130413314642,0,1,0,0
1693432800.0,0.37655491711656125,0.37289090537085645,0.3913139560066864,0.3819281838847619,0.3829757516318387,0.19775784549603892,0,1,0,0
1693519200.0,0.38246998798139437,0.37571477763098876,0.39426588764794,0.3876544490818039,0.38871772305582275,0.14072554414296112,0,1,0,0
1693864800.0,0.3781322714981065,0.37592656019663345,0.39179366154906714,0.38851874846107787,0.3895843930696603,0.13901176171229812,0,1,0,0
1693951200.0,0.3785624381992734,0.37193789088510976,0.3691376711624097,0.36406528483686695,0.3650638575170662,0.2771283882796366,0,1,0,0
