Date,Open,High,Low,Close,Volume,Volatility,Price_Change
1630965600.0,0.5787795335391028,0.5512058123661205,0.6098123409228757,0.5916414136354597,0.09823694017218179,0.03916706587445589,0.3849701055965155
1631052000.0,0.5702496373838342,0.5479263765773854,0.6045608413707824,0.5918479545475046,0.07197016795911759,0.05071128320927463,0.41818701891486676
1631138400.0,0.577461898282841,0.5583795435669724,0.6011797826730593,0.5714679545213409,0.13205036188215655,0.14021502271688854,0.311807102558538
1631224800.0,0.5608183889213256,0.5432124869581365,0.589525981542811,0.5608647521939378,0.12843584917042256,0.11466369514033745,0.3343269158529301
1631484000.0,0.5547849283242355,0.5337842977995594,0.5801740074702104,0.5696777450893517,0.17791995627129034,0.1119656142407581,0.3919301328447088
1631570400.0,0.5687239716100688,0.5532555425720963,0.6090929251000913,0.5889563129273144,0.1557662926992014,0.05712752930527922,0.4129238727055796
1631656800.0,0.5943828625738461,0.5801052531292359,0.6358535952616188,0.623588634232211,0.23582356352050585,0.0645867610971526,0.4473528209806069
1631743200.0,0.5978502690260112,0.5800368716279591,0.6282282666422965,0.6263426553527031,0.1274189596949824,0.11146677587518353,0.4447067878061401
1631829600.0,0.6006935631212251,0.5745029642174957,0.619379903788079,0.589507029021415,0.39606613967333965,0.13080774095625128,0.2933720967517757
1632088800.0,0.5463244496461398,0.5350140033823192,0.5473706285422945,0.5511566614676853,0.35797833508354865,0.32811980278848596,0.35226531081222406
1632175200.0,0.5418862734095617,0.526952296473058,0.5801022140786998,0.5545992395069704,0.16205352581188037,0.06729806755657232,0.38296017852143127
1632261600.0,0.5490985412433815,0.5452620053720713,0.5832674753657489,0.5806251225988106,0.21452551518501603,0.1675749431186186,0.45588502604043
1632348000.0,0.5638003099264974,0.5499077184500827,0.6049924505795836,0.5873726512925264,0.11577028146663532,0.06099300223777628,0.4256086268128437
1632434400.0,0.5595007605998771,0.5423924759989232,0.6006761714546758,0.5859268235972752,0.07138170165250696,0.03882122396927875,0.43646080248473046
1632693600.0,0.5450070293690783,0.5196420003976912,0.571973267047267,0.5502617633063731,0.17692030221068816,0.07063009822381655,0.35385522873458564
1632780000.0,0.5010401283156752,0.48076789918589524,0.49866917856253073,0.4769346858258529,0.418394619595928,0.2847390011289287,0.23156175127055015
1632866400.0,0.46844663249195495,0.4533715055466117,0.5005396194169013,0.4802396364802835,0.21116953369585156,0.08705039024849558,0.37620012086950555
1632952800.0,0.4726767643414029,0.4606134132887006,0.49054023153109805,0.465918601343886,0.2849112560801004,0.20241130689608833,0.3004640487177362
1633039200.0,0.44778081375410855,0.4753023801087102,0.48816640246386866,0.5153539737919289,0.25712161185599564,0.3167997572398411,0.597921106207629
1633298400.0,0.4843966189541598,0.4600669419985976,0.4806848620519117,0.47411174429301467,0.27268765365680103,0.26359767086177677,0.28693390019021126
1633384800.0,0.4611649541157756,0.47817170452181823,0.5080209368233333,0.5130130482658394,0.1944179415744059,0.20638042404380844,0.535934833771701
1633471200.0,0.47316225672320905,0.5002391439584322,0.5185239359275203,0.5429633050787184,0.23146915907179905,0.28526316599040585,0.6047561893480077
1633557600.0,0.5383494564150374,0.5208035362712148,0.5790231982504223,0.5549436212437086,0.13824895571852597,0.033319288709356944,0.39799530519855053
1633644000.0,0.5455617173140442,0.5208035362712148,0.5778721804125632,0.5549436212437086,0.10445769382762862,0.040671117202134816,0.37008158519665246
1633903200.0,0.5226769179475086,0.5298900023874432,0.5706064446050069,0.5506748589007752,0.12431412282202833,0.14711884583693233,0.44208644209401043
1633989600.0,0.5394590472841687,0.5126050458633958,0.5677289971256675,0.5413798568837687,0.10800818928425016,0.050896486837538994,0.3403820810838382
1634076000.0,0.5364771332138101,0.5251759078081543,0.5759297303548839,0.5649958940371727,0.17500717116367365,0.08210914547043535,0.444242692939611
1634162400.0,0.5662967385498628,0.5660995274338845,0.607150482236139,0.609336312953478,0.22236270453205234,0.15283355162499537,0.4993863514710059
1634248800.0,0.5880027376144813,0.5741614461351866,0.6265016211890182,0.619388578861786,0.19924139552691741,0.08428510852379859,0.4554983519724584
1634508000.0,0.5965326337697495,0.5998496276508039,0.6421121014386812,0.6405949835165922,0.16654950688247047,0.15245208845320035,0.5026546416019115
1634594400.0,0.629681032517636,0.6072964886006863,0.6746996757621966,0.6470670440007604,0.10441337418947384,0.0,0.4037712772672476
1634680800.0,0.6356448675931664,0.6100294530993189,0.6667145241318558,0.6414211678202404,0.0903172670541352,0.06633913938286254,0.3605145246836251
1634767200.0,0.6214980018342163,0.6190475377142701,0.6685129557829178,0.6644864819943876,0.09500776209218238,0.11255890017489847,0.4982742145871739
1634853600.0,0.6438973157537582,0.6195258256311343,0.6788719436742141,0.6534701909577385,0.10154737092213163,0.05248821131125246,0.3751113855175309
1635112800.0,0.6366850479199385,0.6079797297253444,0.6692323716057023,0.6463784870819669,0.10284248923709899,0.037856761582989236,0.37526237269374635
1635199200.0,0.6480582451052339,0.6284757337048485,0.6846270544446912,0.6600109584144147,0.23275812188146713,0.07413421702537878,0.38413968821674577
1635285600.0,0.6827323096268858,0.7220742338619335,0.7378605881537639,0.749931289584914,0.5341488967487852,0.33049143487156235,0.5824305177614878
1635372000.0,0.74049921096739,0.7136707970783223,0.776418854846632,0.7580557255615346,0.21048257930445252,0.05560416255959903,0.4073405655790398
1635458400.0,0.739112373213156,0.7623830006962836,0.7946909851649603,0.8081107345160243,0.31473344815402554,0.2408807163562984,0.5855925191185612
1635721200.0,0.7892509318152066,0.7588986116997545,0.8124594970711787,0.792619133339241,0.2200273058215076,0.11886178050811226,0.3590387909365339
1635807600.0,0.7819694684182276,0.7722894846037266,0.8385727606132304,0.8185073890462262,0.212811822509698,0.04936244751470677,0.4738434583451933
1635894000.0,0.8068654190055219,0.7821957635511295,0.8432486397436317,0.8244974404088021,0.151416812654734,0.08131044812088135,0.40922165380979225
1635980400.0,0.7998614036032192,0.7934003482066118,0.8350479065144153,0.841297235010826,0.18209708216737805,0.19305885753416246,0.4903549793247071
1636066800.0,0.8388350174514915,0.8087723511912398,0.8703691257224506,0.838680848160345,0.16458959399518147,0.0841520131250457,0.34915773836482455
1636326000.0,0.8304437412713676,0.8009837671990083,0.870512921123543,0.8450839882321666,0.1439920421627491,0.037919323177001474,0.3995722487489745
1636412400.0,0.8291261060151062,0.8082940564423743,0.8711603349367453,0.8379235773838875,0.1490444809123936,0.07694542265391958,0.3795274264843889
1636498800.0,0.8115118338039908,0.7803511983449887,0.8379973560033364,0.8024648583355039,0.20067070385740896,0.10018624237237284,0.31666174293100735
1636585200.0,0.7884882064179238,0.7744755678921765,0.842241633118663,0.8136876971693543,0.09416692006830149,0.04146694956498511,0.4349427516908529
1636671600.0,0.8070042470250536,0.7981144427859003,0.8658370491868683,0.8432250718276698,0.18011254725889195,0.047377156710988605,0.4726587234897818
1636930800.0,0.832108241999478,0.8025552026561182,0.8675634716346216,0.8387497616875352,0.09260588392440547,0.06364919361637722,0.3722366469274664
1637017200.0,0.8192093790404172,0.8216165410130677,0.8782102661399009,0.8624347192532859,0.1438664698546439,0.11478956956015836,0.4961272162951336
1637103600.0,0.8418169315218501,0.8320011078773352,0.8961225734472114,0.8597494051053022,0.12129546302326412,0.0752356725144848,0.41105246575150584
1637190000.0,0.8365464113012431,0.833777496542239,0.8897920580668405,0.8745524493632919,0.16327724026537616,0.12048329860640873,0.478506383306572
1637276400.0,0.8674758294204403,0.8518822590654597,0.9263363115097707,0.887221109007237,0.15712050386504178,0.022878327338964857,0.41769186853762263
1637535600.0,0.8812066202747564,0.8831045529515801,0.9072727633590758,0.8646378108398385,0.2687530546695048,0.3028160795405638,0.29530542827554973
1637622000.0,0.828710038045285,0.8132814925627349,0.8641824129368988,0.8498347665818488,0.2613233597732804,0.14484390261574753,0.4216166976418311
1637708400.0,0.8233703083918925,0.8044681561955375,0.8667002604107451,0.8514184282166367,0.15340134756322013,0.07964294191660773,0.44502633689571136
1637881200.0,0.8099861680302255,0.8028967207384277,0.8250485186286121,0.7947535179532857,0.18486705955205157,0.3040159517413207,0.29475159361590575
1638140400.0,0.8140776799045286,0.8104119631895867,0.8726709527800979,0.8426054353212225,0.2383744049165252,0.0808118407489611,0.44658196757234775
1638226800.0,0.8167129434822386,0.80187196153146,0.8313070248056741,0.8010190306402527,0.4146939298100042,0.26303324993843663,0.29362392128914055
1638313200.0,0.8153953151607901,0.8121199635212121,0.8341846952905385,0.7975075390737774,0.2971484006150581,0.3056548567745986,0.2857767265475725
1638399600.0,0.7819000509410551,0.7725626143527572,0.8227464757591663,0.7934453176428888,0.26548940575982943,0.14089594350433104,0.38739745480470855
1638486000.0,0.7936198986189991,0.7671654836088505,0.7524638459666597,0.7488296439568747,0.4010742587848294,0.5093407132376861,0.18684255887871465
1638745200.0,0.7378641554340671,0.7312974766447183,0.7610964042164762,0.7707243852054796,0.25646051058685354,0.25049620008739265,0.46119687843464685
1638831600.0,0.7911928874728062,0.7883445237529728,0.8392921764360148,0.8308318735081158,0.2686397933719981,0.13970125924275334,0.48435443822329133
1638918000.0,0.8166435329398793,0.7862950053390384,0.8443276555719091,0.8311760486901717,0.19156178711554253,0.09928331353209366,0.3988196148499515
1639004400.0,0.8104022429348595,0.7930586183322613,0.8538234250456025,0.8183008412490254,0.16020810532315788,0.08535370204381673,0.375729361413038
1639090800.0,0.814355134834018,0.8375350152877987,0.8730307757911159,0.8832967352861978,0.3557254201440142,0.23458671212860188,0.58151176377754
1639350000.0,0.853883443562069,0.8429323578237468,0.903891704661353,0.8616772419221457,0.2425096733765778,0.09507585747038591,0.37700654926805144
1639436400.0,0.8021497947742677,0.7804195866782672,0.7962016030083129,0.7855274294634694,0.43381416037061066,0.3372332140199161,0.2892328081370723
1639522800.0,0.770180196328298,0.7841770985918256,0.7990072642898686,0.8289727505489364,0.322305950773193,0.34303451635668336,0.5496852528337444
1639609200.0,0.8194174095579212,0.7949033953304435,0.7883604697845895,0.7618424787828753,0.31804264780291547,0.46445449443148906,0.14354776723657764
1639695600.0,0.7165742312740824,0.714012520120671,0.7468527464090734,0.7542687657855113,0.4745833030687656,0.23008901734459244,0.47821719250472794
1639954800.0,0.7108182186716688,0.6995285065084549,0.7491547892785186,0.72748561880237,0.23545669540466907,0.12917325480426442,0.40338928358420056
1640041200.0,0.7332871581127702,0.7332104301841372,0.7651966629251854,0.7782981050879997,0.19131064249933213,0.23814391783190883,0.5035705971853329
1640127600.0,0.7680304251323943,0.7733824203519308,0.8079994225451781,0.8189893981678189,0.19242971336274023,0.22946954861635313,0.5232313289303958
1640214000.0,0.7988904257744194,0.7923755889996446,0.858211713373819,0.8292482118733278,0.12824379740508518,0.05663850552382743,0.4527234863279456
1640559600.0,0.8176837063318385,0.8339824497500326,0.8776346457182089,0.8826770918945949,0.13229658209412754,0.188917394801871,0.568385949941007
1640646000.0,0.8710124383705777,0.8430689226982623,0.9128120695251518,0.8744148219784373,0.07953774617404569,0.04669797966913286,0.3627903755958871
1640732400.0,0.858182992888689,0.8464165350282344,0.9082079837862612,0.8792345138553096,0.07191107510824456,0.09123530459759223,0.42189562819755777
1640818800.0,0.8624133397173372,0.8384232096202504,0.9020214796187804,0.8611265189428889,0.08363731270336251,0.07954502369947677,0.3464472536476596
1640905200.0,0.8388350174514915,0.8126664279793138,0.8806561044104386,0.8404710507071778,0.10833689326723141,0.0493150528710103,0.35532046000105055
1641164400.0,0.8169209809345558,0.8033750086552919,0.8369901335665691,0.8296613074677299,0.24208740571304757,0.2398164989143264,0.39266752318668957
1641250800.0,0.813314746462859,0.784245486925104,0.8106610654201168,0.7901405804282969,0.28898250728504055,0.27755568984865436,0.266862989375103
1641337200.0,0.7511094608413895,0.7218692806541395,0.7377167927526714,0.7031810247301724,0.37983776550233234,0.33011184600417187,0.16972536405019803
1641423600.0,0.6629680512406667,0.6715174650378313,0.7054168092313409,0.6859681345337465,0.3748124109760046,0.2166958044041894,0.4252576394590715
1641510000.0,0.6699028641449971,0.6564869801355122,0.6953456351477539,0.6870697870469422,0.28954512046939423,0.18438652164032676,0.4040805255606225
1641769200.0,0.6375866082715659,0.6443260246063413,0.6564995546471765,0.6886532352418919,0.43197735758930716,0.34272415719501326,0.5272190258380959
1641855600.0,0.6645631344916046,0.6572383978014075,0.6939070265077101,0.6935418475311105,0.2485100599423106,0.19763463998149358,0.44705163963141475
1641942000.0,0.7081831631383458,0.7036961366296421,0.7456297193679056,0.7161938595561734,0.3098853721803169,0.17511746686827162,0.37204068768647225
1642028400.0,0.7137309302440555,0.6864111801055948,0.6515358689027925,0.6234508002926742,0.44523016049864517,0.6253532266849293,0.0
1642114800.0,0.601248258001004,0.6176812604249935,0.6497374372517306,0.6606308083607003,0.377278306398894,0.21837340657061902,0.5586473861367156
1642460400.0,0.6000000402219147,0.610712489263937,0.6352779748399267,0.6086477560346845,0.40789332755536567,0.2629500759224607,0.36972136700327995
1642546800.0,0.6153953387391541,0.638792124027879,0.64218411064199,0.6133296139720199,0.4522215834175612,0.3950805502831891,0.3296264408748245
1642633200.0,0.6346741047435664,0.6233517327099725,0.6309619187205434,0.6014184247740586,0.3223010263689536,0.36799515166875024,0.21084516625627495
1642719600.0,0.5904299637398743,0.5718383812201402,0.5911803947872559,0.5630680572203288,0.6005754166353762,0.2893055819056353,0.22881077572381295
1642978800.0,0.517683845721578,0.5240143719346305,0.4504711239893524,0.5654089827464187,0.9421702588143758,0.8744759406127939,0.5182000774225622
1643065200.0,0.5129680134459366,0.5095305632824542,0.5160780904632557,0.5111539184215035,0.7835687403743286,0.36207324752979136,0.32373435001136913
1643151600.0,0.6271843889150703,0.6018309695235012,0.5726206808604695,0.5677499082725083,1.0,0.5918304312384304,0.10599585435899504
1643238000.0,0.5902219332223704,0.5936324859476835,0.6078698980589234,0.5893004812242137,0.5451377048090501,0.32393878383267194,0.33242299396944835
1643324400.0,0.5733703864085378,0.6016944046489857,0.5828358661569472,0.6472735917979617,0.4991240715959132,0.5282489514083388,0.6130007699221474
1643583600.0,0.6338419618691117,0.628339168830333,0.6685849649862264,0.666001223216829,0.4585075854291803,0.1705744216328976,0.4585110706998877
1643670000.0,0.6439667332309308,0.6163831665089556,0.6596648159342252,0.6507161698372469,0.3908696620996921,0.14967320577165963,0.36456156024382774
1643756400.0,0.6385575861003657,0.6470587841449338,0.6866412907001538,0.683076272588562,0.3377550379733122,0.1782417137071727,0.5035456190678899
1643842800.0,0.6375866082715659,0.6204824082968645,0.6224731486780928,0.5990085788356224,0.425089347159419,0.4019007273905747,0.1903900559233931
1643929200.0,0.5732315514541931,0.6038804879374355,0.6225451578814014,0.6312999746144295,0.31880223715684597,0.29808474942687746,0.5550702697442096
1644188400.0,0.6145631889298859,0.5973218213200049,0.6220415466630176,0.5969431146339244,0.23800261239644901,0.25989485992812844,0.269587573266071
1644274800.0,0.5804438192880129,0.5817448719595846,0.6224013624803091,0.6217984316853783,0.28586659050254776,0.15858363840604892,0.4928597698198264
1644361200.0,0.6402218718492763,0.6252646862493918,0.675922709997091,0.6675846714117787,0.2718751269572968,0.10671849289997852,0.4409268347630602
1644447600.0,0.5997920097044107,0.6060667761859255,0.6277966574334948,0.6067888396301873,0.4454788429127359,0.27960296265502216,0.3634072820931787
1644534000.0,0.5938973701920396,0.5730683054269423,0.5811812299069776,0.5562518215541051,0.3690200804893873,0.35940542327955066,0.18824792613529462
1644793200.0,0.5285713424806798,0.5216233422703884,0.5605352705214199,0.5559763533445576,0.33435104354281336,0.15681916655022715,0.43984872364808864
1644879600.0,0.5718447206347724,0.5492244773254246,0.6013235780741516,0.5936381639794938,0.2198438717635892,0.07962210904110698,0.41896732083937355
1644966000.0,0.560471523449477,0.5497027652422891,0.577296559990871,0.5869595556981243,0.25583880455162683,0.2340624673847951,0.43671047022016773
1645052400.0,0.5465324801636438,0.521896472019419,0.550823696443326,0.5265768126257789,0.28636395533072917,0.2206183507280416,0.25360275430113616
1645138800.0,0.5235782702547489,0.5018103676235011,0.5242788308861991,0.5072982516729727,0.3085533208335539,0.25852963926802586,0.2661292156843553
1645484400.0,0.46775310959264443,0.4859602885140497,0.511258200119964,0.5058524239777216,0.4005424231269721,0.23747390977652802,0.4816658357901182
1645570800.0,0.5036753918933856,0.48705342922229405,0.4796058462236342,0.4545579285704992,0.35222293762872703,0.4503647377054449,0.12703170108924405
1645657200.0,0.38113736576568735,0.5106920991559782,0.41788354966583746,0.5531534118117193,0.5883296543929994,1.0,1.0
1645743600.0,0.5380722164647479,0.5275671492644377,0.5626933021779749,0.5718810501157431,0.28741162233266565,0.18219644734803506,0.4646123671845899
1646002800.0,0.5323162038623344,0.5378835395874683,0.5724048762560687,0.582071156848744,0.3130283731861265,0.18810449966458792,0.525509624541854
1646089200.0,0.5468099350931331,0.5435540050404459,0.5662901654800986,0.5556321781625021,0.27105152034825386,0.263665888134344,0.3679479367627651
1646175600.0,0.5395976672593135,0.553802007030198,0.5774405712037615,0.5917103271626499,0.2791176944924232,0.2596365145890208,0.5341832624238935
1646262000.0,0.5918170164733083,0.5651431565601953,0.5799582028658093,0.5623107864438712,0.22299795267893746,0.31661726391108447,0.22045434256958588
1646348400.0,0.5321775838871896,0.5141080998192289,0.5304655436717509,0.5205865478233647,0.2850700681168216,0.2997321699250592,0.2859037638519407
1646607600.0,0.49223299221011757,0.47332103823601285,0.468311645098879,0.4451942195809847,0.41803760028857007,0.43342324129180604,0.13389594523480783
1646694000.0,0.4178223734637108,0.43417359548314544,0.4069491643583737,0.42412565575087147,0.47962096860569187,0.5784178402004829,0.35090989505964476
1646780400.0,0.4569348153315148,0.47270618544463316,0.48449752995843615,0.5112228388338502,0.3201318263014893,0.32345441627580884,0.5456512442485371
1646866800.0,0.45402210375912844,0.45221018146512904,0.4830586983128677,0.49118700710458596,0.2637904862972297,0.19463867234717538,0.4780674568110531
1646953200.0,0.4882800933761462,0.4720913326532534,0.4747859558803426,0.4531810212875943,0.2217028343639701,0.3829043095194536,0.18391022570879856
1647212400.0,0.4354368537192132,0.44401169788931133,0.44881670355118086,0.4281878702966036,0.2641930563438022,0.3658581933760948,0.29520559607592484
1647298800.0,0.4355062711963857,0.4605452299154618,0.4697504767444479,0.5019278368168436,0.30832064273324133,0.33880728226029216,0.5942572728460646
1647385200.0,0.49625508660724865,0.5066612388693461,0.5019064418591616,0.5517765114139709,0.3524088338887651,0.4344409678619689,0.5487890842342964
1647471600.0,0.5252427709828593,0.5137663699448785,0.546291612714017,0.5574910945669993,0.266112342896116,0.1960549693758786,0.45858801451950615
1647558000.0,0.539667084736486,0.5505909595747408,0.5704626492039145,0.5933627026551024,0.4209109901622714,0.28282630553512395,0.5401395691661336
1647817200.0,0.5640777648559868,0.5447155409139696,0.5860729136417796,0.5846186301720347,0.23576077736645323,0.14630163009324557,0.4139942063605788
1647903600.0,0.5703882573589789,0.5779189648807463,0.613912599631585,0.618355853646093,0.22650905290164364,0.18675117357557566,0.5177270946204101
1647990000.0,0.5753121270869376,0.5658263976848534,0.6063592730218443,0.5868906352857777,0.20331141563079771,0.15601260980167578,0.37989903664494457
1648076400.0,0.5658114680820694,0.5724534458035613,0.6106755521467521,0.6186313149704845,0.18815779268504373,0.1718009149608613,0.5359284650882974
1648162800.0,0.6080444509301897,0.581334965543997,0.6176534813403257,0.6157394599104561,0.1645452743570267,0.1854023072494521,0.3664594396563686
1648418400.0,0.6018029528807828,0.6175444905904384,0.6539097051637485,0.6640733863999855,0.2508663873708729,0.19208030284764746,0.5691011324919475
1648504800.0,0.668238578396087,0.6518412670575003,0.6878641019295236,0.6965024164488033,0.26090232321081,0.2005182624568366,0.4444876508156785
1648591200.0,0.6671983980693149,0.6527294613899525,0.7060642230445436,0.6858302937090536,0.23345123177816543,0.09686266531890347,0.4093729218821785
1648677600.0,0.6681691609189145,0.6471955608114902,0.6795195732992149,0.6476177669800172,0.2981886810106355,0.22190823565099108,0.2633672698068981
1648764000.0,0.636754465397111,0.612967165845705,0.6626142726168732,0.6552603935045713,0.22048650651683346,0.11006813713863565,0.4081313899967839
1649023200.0,0.6417475376230416,0.6469903958116554,0.692611983069507,0.6934729271187642,0.18575837671938653,0.14191638654977906,0.5294642045436305
1649109600.0,0.663800194115122,0.6453507838133085,0.693763008101093,0.6653126662980354,0.17181123281229033,0.1247795476050563,0.3460128019155556
1649196000.0,0.6077669960007003,0.5915829675337491,0.599093537214288,0.5869595556981243,0.38052841319691094,0.36519121924400605,0.2565040861296539
1649282400.0,0.5486130557963882,0.5686957220979615,0.5965039035426579,0.5998347631392706,0.2734324697980132,0.2360173700404976,0.530532914671932
1649368800.0,0.5748266347051311,0.5514107655739144,0.5960002923242742,0.5695401177044975,0.1866484627856616,0.12742028014121057,0.31438247952962
1649628000.0,0.5148405516263638,0.4932703659653743,0.5148550634220879,0.4889150019908431,0.3123118723692909,0.2628203723008782,0.22569542639234727
1649714400.0,0.49715664695887596,0.4804945576448233,0.4824112844996649,0.46688241991754487,0.2679602255869582,0.38886554731263123,0.20540334666555818
1649800800.0,0.45201116058275637,0.4657374142835766,0.48823818866165236,0.505163867058928,0.15642862506940333,0.2521849590247146,0.5413980492753431
1649887200.0,0.48918165372777356,0.4638928490774358,0.47399474666604746,0.45152844612561616,0.2341652703928813,0.3333478928980326,0.17325448829309084
1650232800.0,0.4255201267445242,0.42392559349339337,0.46694481546289224,0.4562792175901418,0.14252703190152177,0.10714976848319313,0.45227140099662705
1650319200.0,0.4287794957443722,0.44927246871874255,0.4674484338750026,0.48919025676055194,0.16123607470813672,0.2779431068080256,0.5710626116746107
1650405600.0,0.49826624476282055,0.4733894265692913,0.5175167062970266,0.4964885015483684,0.16873348016265308,0.11206251817170282,0.3228394697805483
1650492000.0,0.4925796496375795,0.4979844673766642,0.4793180396096515,0.4582759748193319,0.24934474646089222,0.523620157428544,0.18787940457008337
1650578400.0,0.44472948220657743,0.4289814179470323,0.4312639962493635,0.4115946234917806,0.24874396914368305,0.38096416669252375,0.18592697334865596
1650837600.0,0.38654651289625197,0.4147023507106085,0.41248825471265177,0.45765633142772894,0.32597216972944093,0.4096905197074216,0.6163102303045908
1650924000.0,0.4157420128101667,0.3959143470627297,0.4069491643583737,0.38536219260274,0.45941736911241304,0.3176912804670928,0.19364780280910562
1651010400.0,0.44764219377896386,0.48206599310193354,0.4728437288281883,0.47486922162415485,0.6682034911563856,0.46156131600701866,0.4381470820356929
1651096800.0,0.469070737914093,0.4821343814352116,0.4893892064995119,0.519003099628415,0.30095250289000974,0.35427557964291856,0.5281691899999359
1651183200.0,0.49278768015508345,0.47461913898405206,0.4537083872859832,0.4356237493544307,0.3431460295144168,0.5374626281833711,0.0906103077376678
1651442400.0,0.41719826110675995,0.44086903193513133,0.45169415103052063,0.4834756667223678,0.31947441833552676,0.3254595661913739,0.5949106587587636
1651528800.0,0.4605408417588247,0.4353351313566691,0.4799654462291273,0.46495458310070104,0.20655167362033583,0.09926604928146109,0.34562739103408147
1651615200.0,0.4510401827539565,0.4814511403105534,0.4553630235359527,0.5214129455668511,0.30037019208869836,0.5713798957659864,0.6085305491924379
1651701600.0,0.47149797097429896,0.45050218113350365,0.4381699090459018,0.43445338986872706,0.41930809658234036,0.48000748928527365,0.17316323929672317
1651788000.0,0.39708735222789227,0.40199493072333586,0.4160851180147756,0.4164143153686529,0.35184252740123184,0.2978402962201634,0.4045480572099301
1652047200.0,0.364146990932323,0.35492233910372145,0.3588951209980857,0.34652981592741794,0.4742841455112209,0.3607388428356278,0.24294168541883238
1652133600.0,0.375450763705633,0.3644189234275783,0.37148414255551904,0.3804048733410131,0.370999690993634,0.3405180254911406,0.3425436941974494
1652220000.0,0.33377247573729163,0.34809033777722004,0.3299762033682049,0.3187826438159352,0.4896716776583473,0.5140973548351581,0.2510372533513013
1652306400.0,0.2783633830450079,0.2696590991890107,0.2632185355804128,0.28297995614017885,0.5150065063691013,0.42547204590597193,0.33433152074239586
1652392800.0,0.2760055743967873,0.2912482507087605,0.30156111276850583,0.3227072309768131,0.31669212994025464,0.30681600178914514,0.5211089463473266
1652652000.0,0.294105332054896,0.3102412007324315,0.30465436485224606,0.32532362471245013,0.28746332857717954,0.4231461828191581,0.4534572584533517
1652738400.0,0.3367543898076502,0.3273893874219237,0.3527084010188073,0.3619527032465369,0.24164051602832026,0.20651157230990852,0.4279110218984213
1652824800.0,0.3151872256973764,0.2950741509555973,0.28300128374209377,0.27423578037977014,0.27275290201297336,0.46833023041906474,0.12902384536085468
1652911200.0,0.2520803866590926,0.25456043091345326,0.27659887425804003,0.26776371301044566,0.2892041054758144,0.21461595773549352,0.38309290836583615
1652997600.0,0.2752426340203043,0.26050424473950423,0.2374649799497531,0.26377031559971886,0.3693118514405729,0.5462437396294982,0.260208657807406
1653256800.0,0.2631068154599198,0.2807269071779364,0.2877490641699045,0.3194712007347288,0.29515155469597343,0.3289694389015927,0.5635175779680559
1653343200.0,0.27975043577844183,0.279565378136414,0.2882526753882881,0.31237949685895755,0.24428861440806815,0.3167245041409987,0.45958544735273116
1653429600.0,0.2814841390045244,0.30176938244754353,0.3143659389303398,0.3323464081758751,0.23818235315118783,0.2921318290156257,0.5388878145648239
1653516000.0,0.3101247359942733,0.3190543321395892,0.3452988770038856,0.35561827014722325,0.1945299717708527,0.19817795707473765,0.5148887676095424
1653602400.0,0.3531900766960487,0.36161777555570734,0.38939645705655634,0.4061552882233053,0.21802799770030323,0.19655870803570202,0.544713612006282
1653948000.0,0.3812759857408317,0.3713874896285952,0.3992518265357427,0.3967226588214446,0.35242606930360304,0.19803494191160662,0.38764035231057387
1654034400.0,0.3997920263479618,0.39133702231799633,0.407236978166083,0.4005096185974675,0.19810139594549178,0.2838299323590463,0.3260937070491033
1654120800.0,0.32524278762641035,0.3705676836294215,0.3465219040450534,0.4153813767131217,0.4285142703079353,0.5559712551862188,0.6988109949677147
1654207200.0,0.3658806941584056,0.3623694050136439,0.3955111678325265,0.38398507876515287,0.23216350006955722,0.15955816721606245,0.39835254087421096
1654466400.0,0.37801661674098375,0.36735663617396475,0.3869506115922921,0.37524100628208534,0.16249918439554784,0.254335561329107,0.30938426478827563
1654552800.0,0.34043004869133253,0.36018311676515397,0.3777426487325815,0.4010603415767242,0.16816717367511982,0.26714392606425363,0.5770335593159178
1654639200.0,0.37558938368077777,0.3592949224327023,0.404143503076818,0.38667039291313654,0.10059942310604335,0.0775932895410287,0.36880705219247795
1654725600.0,0.34833562444526245,0.35731358056000495,0.3683188884621969,0.34797585017735133,0.21222828060732676,0.31217785390142755,0.31749065295030166
1654812000.0,0.2984048883163293,0.274441377141538,0.2812747533884413,0.2667309809095966,0.2735752775209564,0.329407402155234,0.16943089047953985
1655071200.0,0.19112342977371913,0.19546355795120451,0.20214376074171758,0.19285318733497578,0.4547071764574082,0.31830363061857614,0.31375286190141055
1655157600.0,0.18245491364330615,0.1730546004322813,0.2019998574347262,0.20820715424174843,0.2394577738491975,0.14295909263484355,0.4272443400454327
1655244000.0,0.21331481026313756,0.23836851944963186,0.23732107664276172,0.2582621700813943,0.29436734332084585,0.38242889634710886,0.5152982853161352
1655330400.0,0.19715668232642194,0.1845323148367943,0.21286244935067952,0.2115120016188379,0.29507522643026246,0.1507302115548723,0.374224273102489
1655416800.0,0.18828012874369196,0.20557489258642125,0.22012807725233663,0.22996417171331393,0.41714628312123514,0.2603817374698328,0.5011203732764252
1655762400.0,0.22683767462214302,0.23461089822405212,0.2595496702687071,0.27189484796852437,0.2551764721814249,0.18869944438411507,0.5153881048874949
1655848800.0,0.23814144739545304,0.25114443025020255,0.26573627514835996,0.26769490276059654,0.20607523751017198,0.26874205662296813,0.4456191390259704
1655935200.0,0.2636616143618921,0.26617471019248196,0.2891878958154734,0.3071467093876831,0.20510882317818588,0.20998007092611337,0.5074318065495402
1656021600.0,0.3069347844715975,0.32499835092567986,0.34738511526893023,0.3680116750214595,0.3043577284215684,0.2267379214472926,0.5809727102583652
1656280800.0,0.3513175385156215,0.32718443421412974,0.3586073143841029,0.3486644070961449,0.1897656106692142,0.16336330182300612,0.307665861571887
1656367200.0,0.32198341862656205,0.3176880616823143,0.3085390347683524,0.29076021693474363,0.22276404347756504,0.4491295952093335,0.17543797205100053
1656453600.0,0.2776698601456974,0.28393795463339355,0.3045104615452547,0.3167861000265838,0.13380837419562935,0.23144080983208343,0.4880394592471262
1656540000.0,0.27392500569885575,0.2672678577327272,0.28393639626337985,0.29316985631849757,0.27736829988636935,0.2565360461008714,0.40007319693507404
1656626400.0,0.2693482164219463,0.2689074697310745,0.2962377191127296,0.3121040355345661,0.1678840204313532,0.17908311583455558,0.5041039699384231
1656972000.0,0.2677531331710084,0.29083834429317296,0.29717293234618813,0.33461862672945664,0.1691557478261833,0.33541311048476813,0.6082711260648281
1657058400.0,0.32038833537562417,0.32506652746691694,0.35227679900373216,0.3577526478761119,0.18003129458894152,0.19264899275098984,0.4799814144243916
1657144800.0,0.32988899438049235,0.3323768235422842,0.371124326738228,0.37283116034364916,0.14353530366954292,0.11299913820933032,0.5035625727078448
1657231200.0,0.32760060320944384,0.3258181569248535,0.3586793235874116,0.36773621369706805,0.1287485488396257,0.1528776684777482,0.49170759534680775
1657490400.0,0.3335644382849744,0.3150918670182368,0.3506941719570713,0.3460480133605079,0.1262420270817611,0.13079471951943342,0.3727454952100412
1657576800.0,0.3351595215359122,0.31106100673160514,0.2777497841900004,0.2714128388469319,0.32830633733892584,0.6207478027602499,0.02593632701466926
1657663200.0,0.22635228626253015,0.22641251712825447,0.24947849618512014,0.2648719612277583,0.24987165771451011,0.20077751990861545,0.48607724768626165
1657749600.0,0.2289875498402403,0.23727537190938625,0.2338681166476293,0.27423578037977014,0.1957696905381266,0.3998207528670353,0.5161768005908498
1657836000.0,0.2647017946886642,0.2730067115189833,0.297388736950589,0.29241258554203997,0.25327811434712866,0.20149279916371304,0.4376785023428497
1658095200.0,0.2926490837583027,0.2762177589744401,0.2868139516486184,0.2754062431428149,0.14495230098943593,0.30233819850119054,0.23565995240947685
1658181600.0,0.2776004496033382,0.26856595164876546,0.2895474958209664,0.31175986035251024,0.19465923738213747,0.22531843607190472,0.46631308362720814
1658268000.0,0.2936892640850748,0.30375071748823956,0.3271707650921742,0.3306251191562325,0.16727585650778487,0.21503765957500284,0.4783644697538941
1658354400.0,0.29292653868779206,0.303887494154796,0.31364652310755536,0.34832001847425076,0.16255335284218148,0.31278112288020604,0.5577519964450858
1658440800.0,0.33072113725494723,0.30689338344241957,0.32832178293003333,0.31747444350553866,0.1561097698949009,0.22991642393779493,0.25852239563861606
1658700000.0,0.30131759988871565,0.2807269071779364,0.3120638960608945,0.3069401684756383,0.1459494928479184,0.15279511017164013,0.3405038072549415
1658786400.0,0.29341180915558546,0.2696590991890107,0.2599813801896812,0.259226085047238,0.3711424987165771,0.44907322648988895,0.15677924473876736
1658872800.0,0.30242719769266024,0.3391404365355072,0.3267391558833725,0.37517208586973866,0.45296147515453394,0.473628939926368,0.6300645100624679
1658959200.0,0.36199721280160635,0.39236178152496354,0.3916264907226934,0.4279813293845588,0.29864665060490153,0.39744017522576797,0.5975311463833208
1659045600.0,0.41712905860878774,0.42078293437121467,0.45464360771316825,0.45779395881258317,0.2825623152578972,0.16789088349796874,0.49254571662934793
1659304800.0,0.41796120148324256,0.41586388658413215,0.4489604989522732,0.43899762042120793,0.1519030975733767,0.17194765281131444,0.4122606930955473
1659391200.0,0.40533979345367116,0.3927035113993139,0.4240702696451159,0.41703395187509984,0.16685605104637435,0.17859712544911582,0.37287291732822014
1659477600.0,0.4106103206090914,0.43103093636096673,0.4544995893065513,0.4697053545652271,0.1762702808510848,0.2395967049784036,0.5668246038106741
1659564000.0,0.4455616250810323,0.43308045477490115,0.48010945744201766,0.4778297905418473,0.10954214120482936,0.08267692140324534,0.4584667227755635
1659650400.0,0.4271844124934343,0.43205569556793394,0.4693906609271569,0.4727348438952662,0.0932411320712906,0.14716044438896939,0.5120296335381662
1659909600.0,0.4611649541157756,0.4475644683871172,0.47399474666604746,0.45490231030723693,0.11742734349320001,0.22296800786904977,0.3015505909811394
1659996000.0,0.4305826164476273,0.428161406987819,0.46169331591079893,0.4685347885248408,0.17487051894602976,0.17171590782808172,0.48141944844358386
1660082400.0,0.4897365566519393,0.47414085106718784,0.5288109074217814,0.515767069386331,0.19066062113972873,0.0433190508502049,0.43394625578173995
1660168800.0,0.5083218066918546,0.48370560510028043,0.525717662531768,0.5010327321008492,0.133760361254295,0.12832228409718557,0.30125046820825874
1660255200.0,0.491886334782656,0.48848809484484873,0.5288109074217814,0.5347012486023995,0.1652002201208695,0.1404027388051166,0.49984002488371365
1660514400.0,0.5093619870186267,0.5039966627039923,0.5516148984638941,0.5454420714295012,0.10938209806704823,0.09691328000268304,0.47345846996489127
1660600800.0,0.5162273824457845,0.5030402918303032,0.5538451551355557,0.5402092839582268,0.10959384744934327,0.07614303781276109,0.42631817163027524
1660687200.0,0.5006240534110412,0.4983261904190133,0.5470110285368015,0.530639027171511,0.1114466545444249,0.08861863358541015,0.449773501274974
1660773600.0,0.5037448024357448,0.48848809484484873,0.5442053744489724,0.5227211389920916,0.09830834403365338,0.040481289130900766,0.4063069703239957
1660860000.0,0.49479883831065535,0.47031494398834967,0.5188835359330134,0.4950426807382733,0.13996634169702357,0.08222068731649038,0.3307982888928589
1661119200.0,0.4475033657594321,0.42392559349339337,0.45888787763476824,0.43720741098921867,0.19525632139616708,0.1611948428516713,0.2834806664093163
1661205600.0,0.4083911250012023,0.3993303477259804,0.4457952448589511,0.4281878702966036,0.1025088608498783,0.07745686363098113,0.40685212622518374
1661292000.0,0.4012482815793679,0.3881943631958176,0.4437089994001799,0.4237125670416254,0.1100136529107538,0.012571699721819476,0.4177563049392237
1661378400.0,0.4145630044638629,0.400423495266226,0.43946472947858034,0.4447811239865826,0.09088726684484803,0.128163983135425,0.4499901789781175
1661464800.0,0.426698927046441,0.40944178484121696,0.3924179157487861,0.37069677572960447,0.22588857796747677,0.5092787179978706,0.08243863453904147
1661724000.0,0.33495148408359543,0.32103567401228655,0.36270778890461053,0.3510053326222344,0.13711634274345946,0.08929207251803319,0.3883531496441713
1661810400.0,0.3406380792088365,0.31864443255600305,0.3397597866496075,0.3354448110331048,0.16701486308309563,0.2344805436076465,0.2955049767697035
1661896800.0,0.33176153256091956,0.3190543321395892,0.34457946118110117,0.32511707691524927,0.19194096624197785,0.20328104333854713,0.2882075393884119
1661983200.0,0.2865464137284276,0.2765594888487905,0.30199272197730737,0.31774991171508615,0.17312481764315552,0.19464019233204832,0.4533499209490774
1662069600.0,0.3061720521395019,0.30286252315578743,0.29523059738813484,0.2878683618747152,0.16810192531894752,0.4370868347437588,0.23254280045462225
1662415200.0,0.26803058116568484,0.25565337349365924,0.27703047627311495,0.26852108706424455,0.14930054993284345,0.21971115214052755,0.31466792277862804
1662501600.0,0.2576282577869956,0.2624853748201606,0.2862384391328253,0.3018452149439007,0.18375291309288289,0.20376335970490525,0.5107987955084693
1662588000.0,0.2771151722007319,0.27341661793457084,0.29753253235168137,0.3048057838615936,0.13688735794632645,0.2035191998712766,0.4377693431996024
1662674400.0,0.29785019343655045,0.30621034727780105,0.3370981437746688,0.3457036247386137,0.15861382945064578,0.16220464202913246,0.5253515937494702
1662933600.0,0.3344659986366017,0.32137739705463564,0.37213155636872175,0.360782137206151,0.11753198708328769,0.025045963871794887,0.4326721927690781
1663020000.0,0.28633837627611036,0.2732116647267769,0.2745126287992688,0.25984582483102625,0.2973416834814553,0.3694794158224533,0.1917281262300861
1663106400.0,0.24951454055855493,0.2310582302062661,0.26206751774255344,0.2614293831884731,0.18112205012797294,0.1426290385661712,0.3657491482513539
1663192800.0,0.22343967871233728,0.2117236527882645,0.22005617595492713,0.21433494315167617,0.2749060977666596,0.3084579001780273,0.26527032632551445
1663279200.0,0.18522879719616084,0.1700485061846181,0.20595642864824223,0.20992844326139104,0.3766061252202132,0.08837054751812363,0.4223734050009795
1663538400.0,0.17281552370628686,0.16895535864437247,0.19725207700691547,0.2084137020389495,0.21699510391108495,0.1468684627589899,0.47319927761054176
1663624800.0,0.17004164015343218,0.15781916915417002,0.18854761745968948,0.19416138076021625,0.2149440895453667,0.12495653972631349,0.41925528100630405
1663711200.0,0.18529820773852027,0.18617203614716255,0.18322422380391326,0.17006333448521996,0.23913891867469508,0.3904499700436148,0.2306596524773014
1663797600.0,0.14091534273748968,0.1602104106104535,0.17365666093870988,0.18404019443956174,0.2691236160885211,0.25990626802529887,0.5089840975480663
1663884000.0,0.15249646641809575,0.14155907431711004,0.15660745694937694,0.16297163060944853,0.3074699519008816,0.24353813261647955,0.3529674961915872
1664143200.0,0.13522885163444212,0.14374526008557978,0.16883677059541805,0.1597356003673644,0.22767244340320653,0.16519157030730816,0.42018314951686836
1664229600.0,0.15554780490043973,0.14613650154186328,0.15157186990758345,0.15257508624174368,0.21935635574388665,0.31983465042321013,0.28734781549093436
1664316000.0,0.13356446186333834,0.1497574554129077,0.153226398251654,0.18465993422334998,0.24411379805756875,0.3358085698388886,0.5466979543076256
1664402400.0,0.14798887963915827,0.13349725809582771,0.1509244632881075,0.16007987882676117,0.22508713117751122,0.22303226772394522,0.36053591214505837
1664488800.0,0.14382795028768278,0.1375281115504583,0.13883894504315875,0.12840811955440093,0.32616791479795787,0.3508886254989197,0.22370446124480833
1664748000.0,0.12385576540615312,0.1448384076258254,0.15272289493916938,0.18238781894710954,0.24227576417520538,0.30041323018435023,0.5820630599629013
1664834400.0,0.19098469884156802,0.20461841923271246,0.226962095945192,0.2384329894266725,0.3162403158512879,0.20123731220756713,0.527364714289906
1664920800.0,0.19722609286878137,0.20612146635654408,0.2206316884707202,0.24063618429056627,0.137222217434607,0.2608130096937192,0.5087905927329094
1665007200.0,0.2106795466854274,0.2044817450461758,0.23487523837222407,0.22404293060058744,0.13590247709844253,0.14028049291184008,0.3702960575565537
1665093600.0,0.1619278189027978,0.14285716823314792,0.14200419913648085,0.13763430443640212,0.35171079958782736,0.368662459493324,0.18184585533470557
1665352800.0,0.10748960001712067,0.09667277777798668,0.09567658541767309,0.1032773411785556,0.2529026285238729,0.3633336490333407,0.27567540425918713
1665439200.0,0.06983351046810345,0.059096770482229104,0.07682905768317744,0.07683836937746959,0.2618945906650531,0.20288613683094597,0.3292632436731513
1665525600.0,0.05443821888567715,0.05089838938643146,0.07575004185489978,0.07917929490355928,0.1563879987344281,0.1416286813560702,0.4191217122282738
1665612000.0,0.01595009048439858,0.10719411447680942,0.04100432796893075,0.13763430443640212,0.4105845144722085,0.8880173057497747,0.8930150933273381
1665698400.0,0.12475721480077427,0.11498258915701959,0.10725848525051183,0.09852656971402993,0.2585041383462127,0.4196683640815077,0.16517415491464
1665957600.0,0.1266990595013674,0.12673364510260457,0.15617584774057525,0.16028642662396222,0.23318900725241634,0.12622981716376538,0.46382364411029847
1666044000.0,0.17815535738187285,0.16068859604729788,0.15783037608464576,0.16696503490533154,0.21087283834042653,0.38664602290301514,0.24957245407638945
1666130400.0,0.13515943415726983,0.13117440497282265,0.1500611369646053,0.15305699208599507,0.13277301820429138,0.21096511980238125,0.38811195865895953
1666216800.0,0.12635229805171214,0.14278878673187098,0.15423351278252195,0.15078487680975464,0.1552443058498229,0.2720944154014965,0.4195861720260621
1666303200.0,0.11920944769506474,0.15433488263766093,0.15157186990758345,0.1918892654839758,0.2105047391235299,0.3851112326982723,0.6480687840800902
1666562400.0,0.18176139074399564,0.18740174172992238,0.20048923239764704,0.2272101505928223,0.1934109009074446,0.2680093386168956,0.5185569499776437
1666648800.0,0.20603323590915193,0.20926412547872278,0.23307680672116216,0.2506885603613715,0.3148504027547117,0.1912131551583349,0.5141959850008625
1666735200.0,0.09445211708291498,0.12222449689910844,0.1196317093972709,0.11752966245728884,0.902919063723022,0.3796436718435025,0.41198412209222895
1666821600.0,0.09355055673128763,0.09072896395193569,0.08884256672481769,0.08606445098212966,0.38439653272697505,0.36969360747230384,0.25712811055139834
1666908000.0,0.06026353800825664,0.11061011514006011,0.09078490168287097,0.148857039992911,0.3871431191915113,0.5161042262600384,0.7299509054327372
1667170800.0,0.11241326170069199,0.09913229825552708,0.12747284262099426,0.12310662511061873,0.23583587453110438,0.12707571663989203,0.3512827095348906
1667257200.0,0.11823858082327147,0.10473458716726752,0.09999286454258133,0.09584135884338738,0.26335098321886147,0.3945907064217613,0.18383657227477923
1667343600.0,0.08259364942982618,0.0744004876135988,0.047550532854076816,0.0402782043705732,0.3595578377433425,0.5718697688776109,0.07031109626120173
1667430000.0,0.017614376233308866,0.0,0.003956571213516027,0.0,0.33772918485105524,0.3059686644672062,0.1911403286882386
1667516400.0,0.0,0.0080617069092612,0.0,0.04916000751583631,0.33963985369595007,0.41026351068864386,0.5441155895435225
1667775600.0,0.030790583164852583,0.05465601061201102,0.056470797005703434,0.09377579136434801,0.2991230867150654,0.3338131455987665,0.6110595956294668
1667862000.0,0.0773231222744061,0.07679162658986227,0.0892741687398928,0.10066094744291838,0.23380701998446352,0.2501944554522137,0.41273022839765683
1667948400.0,0.06809980724202085,0.05615905773584282,0.07841168472983849,0.07064166694035165,0.22962620078519624,0.1646899758005622,0.3060400563653341
1668034800.0,0.12399438538129784,0.15658945673940908,0.15516873320970725,0.1978105065967025,0.4563346920585364,0.3749422687180773,0.652752269851739
1668121200.0,0.17642165415579025,0.1884266034169094,0.20502120822105696,0.2262462356269786,0.31293850280875707,0.2414110429654759,0.5387958238538149
1668380400.0,0.1694868412514599,0.16055203117278238,0.18545437256967587,0.18796478160043945,0.26988812984669097,0.1709829192872597,0.39243662384613376
1668466800.0,0.19493759767553936,0.18166288794366642,0.19135317083534617,0.19085653338312678,0.2731727074743839,0.2929613409586296,0.28616877214753617
1668553200.0,0.17503460835716944,0.15980050419486602,0.19415871701727605,0.18920406149848953,0.18334172533889134,0.09730512517205711,0.37214998522578246
1668639600.0,0.14029123731535167,0.15604288296928626,0.17408827014751158,0.18885978303909276,0.1714025072604185,0.2232458181812481,0.5345563959689942
1668726000.0,0.18002768751791307,0.15939059777927855,0.18415944423109856,0.185692666324199,0.22667894484790363,0.17172580914641813,0.33172388736794484
1668985200.0,0.16560326280728005,0.16574431118891553,0.19969791527745312,0.19140735963972463,0.21167428513039208,0.10220348842504158,0.42712315455597133
1669071600.0,0.18058247948507247,0.1701167920378765,0.19624496247604728,0.21192509721324002,0.1288334948127557,0.16392742549354755,0.45335998204249
1669158000.0,0.19112342977371913,0.1904078428095869,0.22185460760598905,0.22948226586906273,0.1268982039466638,0.1284805114834905,0.4858042370822557
1669330800.0,0.2063799973588072,0.19327726970271478,0.23955111750262534,0.22886262247745956,0.0,0.016306612613898982,0.4126080350814896
1669590000.0,0.19785020522573246,0.17927164648738295,0.19689236909552324,0.1894106092956906,0.19177353649783757,0.23161466988306767,0.26544145252904267
1669676400.0,0.165395225354963,0.1529001145350864,0.17826064596542826,0.17956488429942752,0.10778905329559599,0.16545719030714484,0.3716187128400438
1669762800.0,0.15963942079693663,0.23857347265742562,0.19013025170007733,0.2815340251675864,0.4726615543143321,0.7341605935503116,0.8587735631457346
1669849200.0,0.25187234920677554,0.24397070588135247,0.26969284636187596,0.27843572558769797,0.20732603618698456,0.1850706731945366,0.43233144672316287
1669935600.0,0.22378644016199253,0.2435608062977663,0.2608445914135578,0.2807078408639384,0.1517664453557328,0.24741438406300995,0.5682177509354537
1670194800.0,0.23897359720472117,0.22825718481441515,0.2491187882737279,0.24752134036913664,0.1752410803650461,0.21765068736434479,0.34960245807455215
1670281200.0,0.23072125306632288,0.21486642122246452,0.2183296456012747,0.21254473371968693,0.16327970246749585,0.3456100136704833,0.22282611635535665
1670367600.0,0.1891816890953195,0.17592403415741048,0.2070355523824187,0.20738086666075917,0.138876817259052,0.12705428859613802,0.39195512891666456
1670454000.0,0.18925099561548542,0.19355060441178543,0.21315015525248984,0.22824288269367132,0.16510296313714096,0.21958389679250281,0.48874047615114946
1670540400.0,0.18828012874369196,0.19061279601738063,0.2210632976795217,0.21461030119872632,0.14045508881778596,0.13613862966232684,0.43006908499693675
1670799600.0,0.20735086423060045,0.21951212746847484,0.24271637159594744,0.2634260371403221,0.26424722479043583,0.19816869148542463,0.5654341480961892
1670886000.0,0.30610263466232934,0.2972604392040869,0.28515942330454785,0.29378969937962673,0.4062153368107835,0.46868433230888024,0.25992512289063535
1670972400.0,0.2744799086230215,0.2881737612958175,0.29407957955027547,0.2958551635813252,0.32267281888902977,0.3381232560274334,0.409620984012059
1671058800.0,0.2508321688800035,0.23085327699847236,0.24393929073121648,0.2393279908653258,0.3245133149735129,0.2761691571016944,0.2571641697156383
1671145200.0,0.21497920003424134,0.20106574438292513,0.21638731064322145,0.20958416480199427,0.9467314882411382,0.2536740193542727,0.2820122379093736
1671404400.0,0.18938972654763653,0.16943365339323818,0.18185750926755206,0.1803910686030755,0.2523215488236214,0.26964393426234307,0.2617090290423559
1671490800.0,0.15152559954630226,0.153720029846281,0.17977126380878083,0.18968607062008203,0.19636061904685695,0.16028125115819275,0.4854007801817097
1671577200.0,0.16740637657572205,0.17223469195308783,0.19192868335113925,0.20779396225516128,0.17838408137085565,0.21410307053536645,0.495562992405663
1671663600.0,0.16442435848316975,0.14743459545790114,0.14703978617827435,0.16483065029128682,0.23946023605131722,0.3656982781985035,0.3048530975733777
1671750000.0,0.12871011363474583,0.1261186829992035,0.14754339739665795,0.1685485932627784,0.1478084554482993,0.18964819344431474,0.4937032916630501
1672095600.0,0.14667125131770975,0.126528589414791,0.16113954067868602,0.15636194274042564,0.09218238515981539,0.0851829935089343,0.34874172459096275
1672182000.0,0.13411925383049755,0.13192592511873769,0.1491979257407285,0.1396309583882511,0.1016433968048003,0.22390334443417134,0.327218630612975
1672268400.0,0.1255200511550634,0.14695630754103672,0.15984461234010852,0.1842467422367628,0.13012615092560334,0.2615992836136864,0.5828518538850487
1672354800.0,0.14327326234271687,0.13356564642910596,0.16711034814766462,0.17605348912513702,0.1568139597011379,0.09578484476288492,0.4599800254562226
1672700400.0,0.17704576651274137,0.1731228862855397,0.17243363389754185,0.17440101724049975,0.20361426649152203,0.37145693715789685,0.2912409928003799
1672786800.0,0.10214976634153466,0.08512667504019525,0.090137495063395,0.10224460907770656,0.5099540676194568,0.31278663331119816,0.2970063803353975
1672873200.0,0.06692090291791056,0.04878048263921863,0.059923757000835874,0.0554943442229651,0.3740675948347924,0.25515659082629205,0.23277890968380924
1672959600.0,0.03779470952416175,0.03655114560877055,0.0425869550155918,0.073533418723039,0.4236563455257479,0.2953371661298467,0.47475537338232393
1673218800.0,0.06171979323966278,0.07399058119801132,0.09337465045412659,0.08861192430542023,0.22367875156503722,0.19303636475298488,0.4301974722335794
1673305200.0,0.0708043842747098,0.07446877346685721,0.09999286454258133,0.10052332005806397,0.21954348310498462,0.1428633292153371,0.44454525006399886
1673391600.0,0.09528425995737022,0.1061692527898222,0.12718514391291072,0.14816858635145874,0.23967690983785167,0.18793069292574588,0.5572261109919455
1673478000.0,0.12281548105718754,0.13315563753349863,0.14480975251213754,0.16703385204033688,0.22244395720200275,0.26855042036770094,0.5146869310106118
1673564400.0,0.13488209018478686,0.12953468366245421,0.15459322069391418,0.1719911713020636,0.14936333608689603,0.1617290040676417,0.4806205713883094
1673910000.0,0.1416088656368002,0.14005602719327825,0.17020359303767846,0.17970261496162326,0.25398230415336565,0.12446615607057022,0.4852160026179708
1673996400.0,0.166574233701267,0.15009907597523678,0.15890949981882244,0.14844395128366514,0.2564124976455192,0.2941068261223142,0.21354710903763813
1674082800.0,0.11255198569803022,0.10323154004343592,0.12409178392327132,0.12172951127303161,0.23910691004713885,0.18844201380431289,0.34372756086624107
1674169200.0,0.12004159750433287,0.13889459379977442,0.15164377120499292,0.17880751024562863,0.3224130565654004,0.2610664403837735,0.5834306184114272
1674428400.0,0.16331486470141884,0.1691603118521662,0.18861951875709898,0.19505648547621088,0.2798686661389347,0.21522078034265477,0.45513440120218596
1674514800.0,0.17302356115860387,0.16082526340183323,0.19430262032426743,0.19133843922737817,0.382054978511131,0.10445177294491272,0.3918117227254298
1674601200.0,0.11740633392662274,0.15638450353161534,0.12567441096993237,0.18149272111627118,0.7057385313703016,0.6030077655582227,0.6084701402879688
1674687600.0,0.18099855438970633,0.19061279601738063,0.20552481943944054,0.2323740176517501,0.29858755775402845,0.2547038533138823,0.5456619982865185
1674774000.0,0.21803053158177246,0.20099746536166804,0.24027053332540976,0.23347567016494555,0.21295709243476088,0.07201217306599848,0.3803836459168796
1675033200.0,0.1869625004222434,0.1720981270785725,0.20696354317911023,0.1959515901922053,0.20518268924177716,0.0970303623586878,0.3481621267271883
1675119600.0,0.179611612613279,0.18815326870783874,0.21235883813229595,0.2310658242265096,0.21347661708201965,0.18319496912878347,0.5460876149222622
1675206000.0,0.2111650321324209,0.2375486109704384,0.23048705794990634,0.26507850902495933,0.2715698138944528,0.42698429900830337,0.555577347636968
1675292400.0,0.2861997563009656,0.3025210050734784,0.31522915015421665,0.3466676498669548,0.37843554139515756,0.29145839761514486,0.5797223094747918
1675378800.0,0.29119283546170943,0.29917339274350613,0.3141501343259392,0.30363542437589,0.2446998021620597,0.27462859720197513,0.37040009286440906
1675638000.0,0.27662967981892533,0.258864420949116,0.29746063824799845,0.29275676072409546,0.16394819034299707,0.09408407186355097,0.38620207441983195
1675724400.0,0.2980582308888673,0.3303954816695869,0.33558730292579164,0.36704765677827444,0.5126378679299405,0.3490333812472882,0.6147816974451651
1675810800.0,0.38592240053930105,0.3849833157403609,0.3796848757847358,0.36133306674008997,0.5599687792771221,0.42791382124930327,0.2148904013223503
1675897200.0,0.3900831218463894,0.3659903588846881,0.35515424648307153,0.33992012117323905,0.4084091588994449,0.4645274050852238,0.10125356115162853
1675983600.0,0.3049930437931977,0.2984217632855696,0.3397597866496075,0.3363399157490992,0.2045806808235081,0.0853668946457638,0.45407614137554525
1676242800.0,0.3473648615956629,0.37022616554711246,0.38644700037390833,0.39293590560010355,0.43618033660765176,0.2781289598724655,0.514188577762846
1676329200.0,0.38224695663481867,0.3727539718779115,0.40176967400958863,0.3987883295778249,0.3428259432388545,0.19038914106622584,0.3923138837117564
1676415600.0,0.3520804788921041,0.34378635457355866,0.37946907837406174,0.3791655934429628,0.24279282662034443,0.1374133430219229,0.4362363052763649
1676502000.0,0.3222606585768515,0.3165265258087902,0.3486799357016083,0.3297989348525843,0.251179087040076,0.15565738645842853,0.3504009790366685
1676588400.0,0.2901526551349374,0.2710937579795641,0.30623699189890713,0.3016386740318559,0.2560604027424007,0.12267699355356163,0.3660654156362137
1676934000.0,0.25610259201323005,0.23966661336566975,0.2745126287992688,0.2645276827683615,0.2363295460561062,0.11640049227254996,0.350162107968489
1677020400.0,0.2533980149805413,0.23180975035218132,0.26552047054395933,0.2565408810617517,0.16361702415789608,0.12269974439391507,0.3256725453987794
1677106800.0,0.2635922038195327,0.24888975366843458,0.2665275922685539,0.2789865518442958,0.24644550346493393,0.24585417995335174,0.3823130800561483
1677193200.0,0.2247573139685987,0.20899089324967193,0.24940659488771066,0.24077391495276199,0.19439208845214895,0.06581862375423587,0.38335392998602524
1677452400.0,0.24209434622942458,0.22142518348791376,0.2586864518511037,0.2472459823220863,0.14759916826812397,0.09325908689305851,0.33409212359472856
1677538800.0,0.21858533048374473,0.21233860805966423,0.2539385707111206,0.2421509255130078,0.16361579305683624,0.05792500762263792,0.4179568506105469
1677625200.0,0.23030508107430822,0.20851260533280752,0.23278899291345284,0.22046272517644766,0.22608555413705356,0.18753538120099364,0.2625688046230659
1677711600.0,0.2011095742255806,0.2117236527882645,0.23149417967450112,0.2537868599412601,0.19214286681579404,0.2222537811712497,0.5505607469577397
1677798000.0,0.2402219120711909,0.2405547052181016,0.27307390505959894,0.2825667572684356,0.265416770797298,0.13389008140057457,0.5029489028438809
1678057200.0,0.26962545637223573,0.271298711187358,0.30609308859191575,0.293445317642889,0.1835448570137674,0.12527238329241602,0.4204078731426314
1678143600.0,0.268723896020608,0.2546969957879688,0.28746135826809416,0.2747176862240214,0.15108564646963304,0.13578114649124728,0.33990540330224
1678230000.0,0.25305125353088603,0.2331761301214776,0.26890153643540887,0.27161938664413293,0.10020423966582993,0.10807316720305678,0.3962465193609195
1678316400.0,0.2653953175879747,0.2674728109405211,0.27444073469558594,0.2621179401072667,0.2148591435722367,0.3273866371266477,0.2970783674715358
1678402800.0,0.23252426974738427,0.2212201278001002,0.24580973158558686,0.2364362321974824,0.23554779688309835,0.18817631640549085,0.32758393926729157
1678662000.0,0.2070041027809452,0.2562000497438019,0.23235739089837773,0.2731341278665745,0.29717425373731504,0.552029861444716,0.6100565390636761
1678748400.0,0.2718446450453116,0.2777891944315499,0.30522987736803914,0.32043522586306983,0.3006287233112679,0.18034628953488593,0.529447353203566
1678834800.0,0.29424416700924055,0.3147503489359278,0.32932878955500255,0.35245115343232947,0.45338004951488464,0.2801905911188161,0.5696346335754046
1678921200.0,0.3305130998026304,0.3836168334910446,0.3586073143841029,0.42653550168930765,0.5609881309546819,0.5628344335620757,0.7217407769211982
1679007600.0,0.42101253996558696,0.42986940731944434,0.45241356685330464,0.4487744250051245,0.7426814119744276,0.24556658149439167,0.43998725863155796
1679266800.0,0.41213598638285676,0.38990236352744295,0.40587014853009623,0.399201425172227,0.42184662696776115,0.28313226865620994,0.26876926176161636
1679353200.0,0.39757283767488555,0.372958925085705,0.40349609645734225,0.40987333447213803,0.3121813756569463,0.17995042873877612,0.37505590461363864
1679439600.0,0.3873092382935347,0.41422427458578526,0.42263143799954744,0.3996145207666291,0.3160544195912498,0.3380384548524029,0.3745918870865653
1679526000.0,0.4187933443576978,0.4143608394603008,0.44435662902518064,0.43658777448277175,0.3374460316072886,0.19252111378481096,0.39887174235010414
1679612400.0,0.4139388921069116,0.4114231267139143,0.4449320336350743,0.4566235993268795,0.23355464426719325,0.16818711702283423,0.5007784633640031
1679868000.0,0.4365464515231578,0.417093592166892,0.44665845608282795,0.42777478158735754,0.21715884035204566,0.19599212440799801,0.2888819447744401
1679954400.0,0.40388354515707786,0.38074750907793653,0.4216962175723619,0.41985689340793814,0.1560765301662848,0.11022069317836414,0.39075038409050306
1680040800.0,0.4258667772371729,0.41490751571044343,0.4674484338750026,0.45621051061763385,0.1955751765706695,0.0406949550019113,0.4505812562060237
1680127200.0,0.4624133799392519,0.43758959614639614,0.4895332249061288,0.480583811662339,0.19516152661455827,0.05112760841484192,0.40183661278821886
1680213600.0,0.45894597348708677,0.47045150886286513,0.5004676102135927,0.509845724996263,0.2901114269569275,0.20377438851620658,0.5322966100461292
1680472800.0,0.47829394892428473,0.4636195075363638,0.5073017368123472,0.5024787663507826,0.19306742371174507,0.11259841052189136,0.4264146178721499
1680559200.0,0.483217818652243,0.4785134275641673,0.5196749537653795,0.5021343846140449,0.2046520846849797,0.13265290785582937,0.4054737926974754
1680645600.0,0.4736477421702027,0.4559677002106888,0.49989220560369857,0.482580562006373,0.15836884033973464,0.10912329028386607,0.3648255462846648
1680732000.0,0.45533973208057693,0.4896494189263314,0.49348968821374567,0.5325668639883548,0.25323133250685415,0.37732736283637835,0.6345491675560414
1681077600.0,0.49694860950655917,0.47270618544463316,0.5127688179633166,0.5173507310211191,0.17115013154314823,0.13848919529492804,0.4117751172459037
1681164000.0,0.4729542192708922,0.4479743748027047,0.490684249937715,0.4721839143613273,0.22253136537725246,0.11518812262721959,0.3251484665020205
1681250400.0,0.4662968612960512,0.455011329337,0.49298606980163573,0.47672813802865166,0.22409240152114848,0.148164622500901,0.3705615261187095
1681336800.0,0.4579749956582869,0.4747557038585675,0.5016906372547605,0.5204489204385101,0.1849347701103436,0.22475949510681456,0.577501178654299
1681423200.0,0.4816227354013052,0.4650543781189581,0.5054312959579766,0.4949739737657653,0.1451111130261572,0.13465766515166597,0.38306760248963345
1681682400.0,0.5019416886673029,0.4863701880976359,0.5231998150579217,0.5132883030355483,0.18017656451400438,0.16261829172559247,0.37588753343407133
1681768800.0,0.513314878917785,0.4874633356378815,0.5293145258338918,0.5103277341178557,0.13494098717069586,0.13024429713463861,0.3190340911006275
1681855200.0,0.4746185050198023,0.4689484617390334,0.5115460139276734,0.5108786636517947,0.09786637875316546,0.12100668950253612,0.4743438636826755
1681941600.0,0.469486812818727,0.46881189686451785,0.5154304680319819,0.4947672125287258,0.17289090844178306,0.09461455396355306,0.43063914637569767
1682028000.0,0.4678225270698169,0.449955504883361,0.5008992194223943,0.4923575800301283,0.1535872438232582,0.06117621170938225,0.4276223889390429
1682287200.0,0.4475727763017913,0.44093742026840976,0.4696784675411396,0.4648856626883548,0.21433715672285822,0.20634103606249166,0.39786446027928335
1682373600.0,0.42968105609599994,0.41805017483262213,0.4455794402545505,0.4211650868331786,0.4502308930037758,0.20988614867134994,0.2893326969182451
1682460000.0,0.5488905037910646,0.540821245501853,0.5704626492039145,0.5585238266678484,0.6820102895426583,0.21955113689339045,0.3712174353927037
1682546400.0,0.5438280140879617,0.5792854471300627,0.5885907611156259,0.6236573480898755,0.45873041472101406,0.35270155666347003,0.636867850873141
1682632800.0,0.5995839722520939,0.6047686822698877,0.6465721831584085,0.6403884357193913,0.33542456366700685,0.15629543308965713,0.49055868716098017
1682892000.0,0.6201109560355956,0.6025142106481594,0.6598086113353175,0.6286835877639486,0.1488807444714329,0.06071823906500394,0.3703342327894916
1682978400.0,0.6255895206433327,0.606476682601513,0.6508884622833168,0.6276508556630996,0.211793701933198,0.14066511115085203,0.34595905326708803
1683064800.0,0.6176837299102025,0.6025823871893964,0.6521832755222683,0.6206967791721826,0.16201289947690517,0.10796980010441314,0.3491368591974191
1683151200.0,0.6150484663324922,0.5967753568619035,0.6472195897778843,0.6276508556630996,0.1639715812631343,0.10143627529271042,0.3853456287727536
1683237600.0,0.6114424399051827,0.6255380209584624,0.6534780959549468,0.6637290046632474,0.2336679055646999,0.24475560433372026,0.5324427252418786
1683496800.0,0.6420249925525309,0.6134454537625695,0.6665707287307635,0.6499586925061067,0.14918236423109738,0.08893252666710824,0.3689048289811239
1683583200.0,0.6272538063922428,0.6123523130543252,0.6681533629711514,0.638598226287402,0.14945566866638516,0.0723198764116991,0.38107444769829985
1683669600.0,0.6315533557188633,0.6325749754927574,0.677936939058827,0.6751583912942987,0.25701943046802767,0.14044240520602766,0.5003545804977227
1683756000.0,0.6418169551002141,0.6197307788389282,0.6677937629656583,0.6600109584144147,0.27674413164902295,0.12125433934112788,0.4071067819544534
1683842400.0,0.6449374960805303,0.6165197313834712,0.670239601236196,0.6521619906473419,0.1299710321920616,0.08603715583595743,0.3663834146121913
1684101600.0,0.6348821421958837,0.6113957303885951,0.6773613186371349,0.6555356482742805,0.08784767832806627,0.009938889314050101,0.41605793766263566
1684188000.0,0.6399444238545998,0.6374256349465615,0.6934752014871104,0.6712337972482647,0.21580586028726512,0.0769184176817646,0.45533894724243773
1684274400.0,0.6570042161651363,0.6423446895656453,0.7000215142781552,0.6867943188373947,0.18607107638858966,0.06829615886762216,0.4499490583033127
1684360800.0,0.672538127722707,0.6738403249928376,0.7214588986898061,0.717915148575816,0.22252397877089333,0.1356219690826524,0.5059849081884003
1684447200.0,0.687864001827961,0.6718589831201403,0.7405222310287025,0.7166758686777657,0.2256448199576255,0.010111598724441073,0.4466273455943807
1684706400.0,0.7007628647870222,0.6980938408859002,0.7523200505655677,0.7362296912854376,0.18361749197629884,0.10185349384896451,0.4704219799529308
1684792800.0,0.7106795986965241,0.6989820352183522,0.7324652932005782,0.6954696843479543,0.26587350929050413,0.2238349274583251,0.2871144924962412
1684879200.0,0.6739251735213281,0.6564869801355122,0.7134737470594653,0.6857615867365456,0.1746206054308792,0.07586349272447167,0.38466274573634174
1684965600.0,0.7329402857061084,0.7275397529391185,0.7666354945707543,0.7688654688009824,0.4198165413200604,0.1960344371045927,0.47192645107484293
1685052000.0,0.7383494328366734,0.7719477615613775,0.794547189763868,0.8168550204389302,0.33768855851608004,0.29753597782953345,0.6177180014819177
1685397600.0,0.8160888380601006,0.7879346173373853,0.8423134193164467,0.8052877929831861,0.24994183047492186,0.12025681737970051,0.310800004258505
1685484000.0,0.7957004742517435,0.7893010995867016,0.8193654170614436,0.7858718180853635,0.45242717729455695,0.2576730937819403,0.31286763946253293
1685570400.0,0.7515949532231961,0.7728359558938291,0.8005898913365298,0.8147204292702033,0.21634262034936186,0.26836978684103924,0.5650888637654854
1685656800.0,0.8092926451309149,0.7999590079920411,0.8569166771293425,0.8341366176078642,0.2051408318057421,0.10824812263559773,0.43398618133620576
1685916000.0,0.8160194205829284,0.80720091573413,0.8720955553639308,0.8378546569715408,0.14904078760921405,0.0653497174408127,0.42381320838690106
1686002400.0,0.8167821529150241,0.7854068110065867,0.8541832408628934,0.8222941422675673,0.13782668805499573,0.038393435466628274,0.3677199161759312
1686088800.0,0.7912620899707785,0.7793946156792586,0.7846198110813734,0.7513771172801651,0.38799750332705063,0.39691706511546715,0.20446916447125593
1686175200.0,0.7377947379568947,0.7257635760662561,0.7907345218573435,0.7643212451336581,0.17330086509471476,0.04562595744082959,0.438968615910507
1686261600.0,0.7450762082886866,0.7486506097100024,0.7983598576703927,0.7748555270487144,0.16391002621014156,0.13881837218091256,0.4504424904433109
1686520800.0,0.7699721658107941,0.7630662418209417,0.8037551526235786,0.8096943961508124,0.18539766410884903,0.19317174005053536,0.48483345390234
1686607200.0,0.8108183109046807,0.7964064424542749,0.8413784218947861,0.8264941976379923,0.16928255123534836,0.1748900260806743,0.40259112180666
1686693600.0,0.8099167505530529,0.8104803515228652,0.8587871179837131,0.8474938341706028,0.20686191108741925,0.15879841553041163,0.47722991185621244
1686780000.0,0.831692167094844,0.8842658770330627,0.8903676784885326,0.9215781824275809,0.3656160860588885,0.4008039482600129,0.6482883669347121
1686866400.0,0.9276699499515244,0.8954020733552669,0.9245378798587087,0.8818507010362644,0.45960449647351104,0.2775264015138846,0.19902707649721899
1687212000.0,0.8443827845572008,0.8312494852514003,0.8807278906082223,0.8523822399051391,0.21143668262584006,0.15617385477416784,0.37735530297653896
1687298400.0,0.8239944138140309,0.801530443449151,0.853463825040109,0.821467957963919,0.19595435569710482,0.13676567997834185,0.3401846411344053
1687384800.0,0.8083910847792876,0.8178588173074682,0.8625997786965109,0.8638116196510343,0.1767368681527698,0.1800434607765645,0.5370744245600948
1687471200.0,0.8100553705281976,0.8031016671142198,0.863391203722604,0.8315202238722271,0.1709248400491948,0.09022935962324917,0.42244255381040635
1687730400.0,0.8056172012264329,0.7904624236681843,0.8277101615035504,0.7873176388954587,0.15166918837200427,0.2173488290604439,0.2835461435498189
1687816800.0,0.7927183382673718,0.7907357652092563,0.8335370656655378,0.8284220275696796,0.18655243690299292,0.1860909369290527,0.47095359634426776
1687903200.0,0.8121359461609421,0.8032384437807764,0.8659808445879607,0.8372350204650939,0.1361437729061741,0.0765084595838864,0.4348925459229016
1687989600.0,0.8124825966535908,0.7904624236681843,0.8574202883477263,0.831726771669428,0.09597910082840791,0.04986760018041149,0.4148827199865961
1688076000.0,0.8335644902960713,0.8356904500816579,0.8903676784885326,0.869526423129057,0.21695693977822947,0.12826307224828612,0.47168863773287456
1688335200.0,0.8435506347479327,0.8231877715101378,0.8858355947592232,0.851969144310737,0.04072359195894032,0.0814641755148373,0.37875486886477544
1688508000.0,0.8151178602313007,0.8283117725050139,0.8725991665823142,0.8530707968239326,0.11044946268594243,0.18441132713380218,0.47846546753498936
1688594400.0,0.8304437412713676,0.8374666269545203,0.8781382569365923,0.8745524493632919,0.23342168535272892,0.20598420622391023,0.49891291603441706
1688680800.0,0.84445219509956,0.8292683551707439,0.8889288468429637,0.846667649866955,0.1475413065183108,0.09935830103661776,0.357570005415376
1688940000.0,0.8117198712563081,0.7844504401328976,0.8212358507220872,0.8095565622112755,0.2904241266261306,0.21897395992618618,0.3407904944785762
1689026400.0,0.7871705780964753,0.7682584193570549,0.8169915808004876,0.8139631584937457,0.2154106768470517,0.14829660893796254,0.4404142744238548
1689112800.0,0.8255894970649688,0.8283117725050139,0.8793612839777601,0.8465300224821004,0.2560013098915277,0.14691019870510605,0.42093366744154626
1689199200.0,0.8461164877832834,0.8425906279493963,0.9034600954525513,0.884122919589846,0.13993187086734762,0.09549871906072722,0.4784468961141123
1689285600.0,0.9018030215354303,0.8951287386461962,0.9415149739325606,0.9018865258803722,0.23515753784712434,0.18448587326129334,0.3529842250712522
1689544800.0,0.8885575080837209,0.8647946322605258,0.9263363115097707,0.9052603969471494,0.1374290424126626,0.09649449595380472,0.40799703641592483
1689631200.0,0.8895976884104929,1.0,0.9261205069053696,1.0,0.6853773509413614,0.8228804393663428,0.7075609497591925
1689717600.0,1.0,0.9704856996135036,1.0,0.9696364410380367,0.37588100669595864,0.2851346004672669,0.2581960505409471
1689804000.0,0.9432732789862678,0.9398100819775258,0.9491403025518833,0.9131093647142225,0.3025750940868985,0.3880972069445199,0.2539931223009185
1689890400.0,0.9126213157965599,0.8874085429872428,0.9092869996145387,0.8917653395597179,0.7407301167945576,0.31572408855018136,0.28300187330374715
1690149600.0,0.8897365164300247,0.8643165493037013,0.9271275207240653,0.9009914211643778,0.21516322553402087,0.08946193666258162,0.38988263982672144
1690236000.0,0.8984742350584098,0.898271609560416,0.946982270895328,0.9414074663596439,0.39933101968407486,0.17250523686191566,0.49411181873922694
1690322400.0,0.8591539637826761,0.8489445463190731,0.8609451424465414,0.8504544030882957,0.6054912031673768,0.3654837582263291,0.3208659331233162
1690408800.0,0.852496605807835,0.8261254842565243,0.8317386340144758,0.8019141353562476,0.3746794520615403,0.39870703477972735,0.1733063696105253
1690495200.0,0.805270543798971,0.817107399641573,0.8613769674671411,0.8545855380463744,0.23740675948347925,0.18253649944926365,0.5167746088584017
1690754400.0,0.8278086857380447,0.8013254902413575,0.8627435740976033,0.8377170295866861,0.1999948293755486,0.08350989158020705,0.3832936986189269
1690840800.0,0.8158113831306112,0.8070643508596145,0.865189635373666,0.8406086780920324,0.11216684866444002,0.10320465939783134,0.4339103471613357
1690927200.0,0.8049930958042946,0.7735191970184874,0.81238748786787,0.7797439258980947,0.22849851221436918,0.2053479990791514,0.25872598709460515
1691013600.0,0.7520804386701895,0.7478991920441072,0.809438254190747,0.77396042233272,0.11145034784760446,0.07072053922372822,0.42284154890977593
1691100000.0,0.7928571732217163,0.7838355873415178,0.8187180032482408,0.7816717627149382,0.17884081986406183,0.2296318970651735,0.30786374516697074
1691359200.0,0.768515910579388,0.7563024170356774,0.8207322395037038,0.7977140799858222,0.10514464821902765,0.056121476871400136,0.4485650152734129
1691445600.0,0.7587377966450305,0.740178996385154,0.7882166743834972,0.7697603669622947,0.16160417392503335,0.14673650787012468,0.38476491856886075
1691532000.0,0.7553398076700377,0.7289744117296719,0.7741888211804949,0.7434592291007457,0.16216678710938703,0.16084871269406048,0.3027208898351585
1691618400.0,0.7522190586453341,0.7368313840551818,0.7751240416076804,0.7482787144229357,0.13434882756090566,0.2023174180879215,0.3311284459971644
1691704800.0,0.7122746819474624,0.6968641353031407,0.7609523858098592,0.7350593317997339,0.18641086028110962,0.043622516315049695,0.4253416134558624
1691964000.0,0.72011105520342,0.70813689649986,0.7672108991806483,0.7559213478326459,0.11862028042019941,0.07574059825760404,0.47157062486916607
1692050400.0,0.7312759999571983,0.7151738442021537,0.7731098053522175,0.7409115423376166,0.09560115280303245,0.08401450066213748,0.37882195454339335
1692136800.0,0.7160193283499166,0.7105965194574202,0.7651966629251854,0.7308592764293086,0.14155323096317654,0.10244408881964087,0.39697243989592174
1692223200.0,0.7142164226258617,0.6931747930988181,0.7393712059971165,0.7066236027694577,0.14842646818034647,0.14802124205853048,0.3154473473046373
1692309600.0,0.6722606727932177,0.6693311767893413,0.7058484184401426,0.703869581648966,0.19136234874384603,0.20073749810988226,0.45661363653782955
1692568800.0,0.6961164499885533,0.6993235533006613,0.7453421285657208,0.7410493831623095,0.18268554847398868,0.1503078984868491,0.5039671888106747
1692655200.0,0.7486130322180242,0.7219374640273782,0.7771382706694164,0.7450426772956954,0.08496074634270652,0.10145475409190641,0.33224484559886885
1692741600.0,0.7369625950824394,0.7432534789660957,0.7915257238779116,0.7763013478588096,0.14730862841799822,0.1459974580642322,0.4838113343059933
1692828000.0,0.79958394867373,0.7690784371482694,0.7663476807630449,0.727898707511616,0.1733464158339294,0.44129536122667234,0.08829380958911985
1692914400.0,0.7206657431483859,0.7170184094082945,0.7580029363209378,0.7486230961596735,0.15368203860486704,0.1831529521826101,0.44385081705803653
1693173600.0,0.7497226300219688,0.7224157519442425,0.7790087115237869,0.7535804154214003,0.06903645413348336,0.09347294520182778,0.3589346692026053
1693260000.0,0.7235090441784128,0.741750431842264,0.7801597365553727,0.7860094454702182,0.12414176867364865,0.20250219243220188,0.564206534971765
1693346400.0,0.7705964792773191,0.7474209041272429,0.8130351174928707,0.7886258392058552,0.07412828811704324,0.04719836660539852,0.4097403466575184
1693432800.0,0.7742719231818016,0.7549361465784025,0.8154089537538264,0.781534135330084,0.21187495460314842,0.07845351567130969,0.3720833576049381
1693519200.0,0.7889042813225579,0.7623146123630051,0.8154089537538264,0.7877307344898608,0.07054701513392533,0.1222395569921308,0.34304337971563736
1693864800.0,0.7728848773831806,0.7818542454688205,0.8289331957384451,0.8213990375515724,0.11514611322928887,0.16030385234474867,0.5148043270368653
1693951200.0,0.8032593925782119,0.779189662471465,0.839867581045909,0.8167861000265836,0.10261227333890612,0.08276049034735732,0.39496533941178935
